year,exporter_code,exporter,importer_code,importer,value_usd,net_kg,unit_usd_kg,provisional
2022,604,Peru,842,USA,703097533.881,146916978.0,4.7857,False
2022,604,Peru,528,Netherlands,309814970.014,67525428.0,4.5881,False
2022,842,USA,124,Canada,288076171.0,50785226.0,5.6724,False
2022,484,Mexico,842,USA,238021716.0,46449295.0,5.1243,False
2022,152,Chile,842,USA,197155563.819,52888476.4,3.7278,False
2022,124,Canada,842,USA,185197933.034,75699849.0,2.4465,False
2022,528,Netherlands,276,Germany,175810615.684,32631015.0,5.3878,False
2022,724,Spain,276,Germany,146778835.439,27271746.0,5.3821,False
2022,604,Peru,156,China,138530142.044,22484384.0,6.1612,False
2022,344,"China, Hong Kong SAR",156,China,112086209.635,20247500.0,5.5358,False
2022,724,Spain,528,Netherlands,89676014.579,15017089.9,5.9716,False
2022,504,Morocco,724,Spain,88214506.666,19194855.7,4.5957,False
2022,152,Chile,528,Netherlands,82535754.424,23611252.9,3.4956,False
2022,604,Peru,344,"China, Hong Kong SAR",78221456.097,13466164.0,5.8087,False
2022,710,South Africa,528,Netherlands,72303772.951,14411461.8,5.0171,False
2022,604,Peru,826,United Kingdom,71384280.228,13467515.0,5.3005,False
2022,504,Morocco,528,Netherlands,62286789.706,11111648.4,5.6055,False
2022,724,Spain,826,United Kingdom,62177799.015,10030703.0,6.1987,False
2022,504,Morocco,826,United Kingdom,59740662.926,10519825.3,5.6789,False
2022,528,Netherlands,616,Poland,52557364.376,8948508.0,5.8733,False
2022,528,Netherlands,56,Belgium,49011440.042,8907595.0,5.5022,False
2022,616,Poland,276,Germany,47444846.0,9629876.0,4.9268,False
2022,724,Spain,616,Poland,47323518.292,9134112.0,5.181,False
2022,710,South Africa,826,United Kingdom,42543734.967,7332061.0,5.8024,False
2022,152,Chile,826,United Kingdom,39043721.221,7534062.4,5.1823,False
2022,152,Chile,156,China,33314122.8,7178962.0,4.6405,False
2022,724,Spain,251,France,28919536.202,4570061.0,6.328,False
2022,504,Morocco,276,Germany,23765006.25,4117762.2,5.7713,False
2022,528,Netherlands,757,Switzerland,23558099.461,2948390.0,7.9902,False
2022,724,Spain,380,Italy,23303288.798,4471775.0,5.2112,False
2022,152,Chile,410,Rep. of Korea,22766136.543,3169987.0,7.1818,False
2022,528,Netherlands,579,Norway,21300231.567,2367553.0,8.9967,False
2022,528,Netherlands,826,United Kingdom,20595937.901,3729028.929,5.5231,False
2022,504,Morocco,251,France,20116733.972,3404774.7,5.9084,False
2022,620,Portugal,528,Netherlands,19997207.107,3577562.0,5.5896,False
2022,616,Poland,826,United Kingdom,19360972.0,3963404.0,4.8849,False
2022,528,Netherlands,643,Russian Federation,18915252.279,2571984.0,7.3543,False
2022,528,Netherlands,208,Denmark,18854663.02,2317295.0,8.1365,False
2022,724,Spain,757,Switzerland,17112020.282,2274380.0,7.5238,False
2022,528,Netherlands,40,Austria,16231528.36,2217711.0,7.319,False
2022,528,Netherlands,251,France,16222365.784,2497431.0,6.4956,False
2022,528,Netherlands,724,Spain,15547782.832,2688791.0,5.7824,False
2022,528,Netherlands,246,Finland,14924777.148,1512891.0,9.8651,False
2022,152,Chile,276,Germany,14306229.312,4270455.58,3.35,False
2022,276,Germany,40,Austria,13966762.561,2737465.0,5.1021,False
2022,604,Peru,724,Spain,13749328.769,2997838.4,4.5864,False
2022,528,Netherlands,203,Czechia,13678301.387,2163000.0,6.3238,False
2022,528,Netherlands,372,Ireland,13457893.043,2456578.0,5.4783,False
2022,56,Belgium,528,Netherlands,12213537.529,2213286.35,5.5183,False
2022,724,Spain,56,Belgium,11410936.132,2020045.2,5.6489,False
2022,604,Peru,124,Canada,11067215.39,1850557.98,5.9805,False
2022,616,Poland,528,Netherlands,10331425.0,2686912.0,3.8451,False
2022,604,Peru,490,"Other Asia, nes",10305275.026,1739577.0,5.924,False
2022,528,Netherlands,752,Sweden,9866111.601,1622698.0,6.0801,False
2022,251,France,757,Switzerland,9423694.201,1194990.0,7.886,False
2022,688,Serbia,643,Russian Federation,8912200.0,1438329.0,6.1962,False
2022,688,Serbia,528,Netherlands,8852764.0,1594925.0,5.5506,False
2022,528,Netherlands,642,Romania,8839686.147,1488459.0,5.9388,False
2022,152,Chile,124,Canada,8669733.23,1858252.1,4.6655,False
2022,56,Belgium,643,Russian Federation,8647168.462,1206871.47,7.1649,False
2022,724,Spain,40,Austria,8325050.972,1133491.3,7.3446,False
2022,504,Morocco,579,Norway,8285881.331,1393360.0,5.9467,False
2022,620,Portugal,724,Spain,8080398.887,1460821.0,5.5314,False
2022,484,Mexico,392,Japan,7409093.0,718800.0,10.3076,False
2022,616,Poland,752,Sweden,7362602.0,1002900.0,7.3413,False
2022,710,South Africa,784,United Arab Emirates,7014296.803,932095.1,7.5253,False
2022,528,Netherlands,380,Italy,6683391.111,1062140.0,6.2924,False
2022,504,Morocco,344,"China, Hong Kong SAR",6514971.77,490014.0,13.2955,False
2022,616,Poland,428,Latvia,6458864.0,1047612.0,6.1653,False
2022,620,Portugal,251,France,6302028.45,1023663.0,6.1564,False
2022,528,Netherlands,440,Lithuania,6062796.909,1043420.0,5.8105,False
2022,152,Chile,490,"Other Asia, nes",6006260.73,772346.2,7.7766,False
2022,724,Spain,203,Czechia,5849194.524,1227141.0,4.7665,False
2022,724,Spain,372,Ireland,5740882.376,1007346.0,5.699,False
2022,251,France,380,Italy,5649739.784,964720.0,5.8564,False
2022,710,South Africa,702,Singapore,5311360.436,745882.5,7.1209,False
2022,276,Germany,246,Finland,5180202.322,789313.0,6.5629,False
2022,724,Spain,620,Portugal,5122900.682,1582069.2,3.2381,False
2022,504,Morocco,702,Singapore,5062094.796,412205.0,12.2805,False
2022,616,Poland,208,Denmark,4978914.0,735894.0,6.7658,False
2022,251,France,528,Netherlands,4884711.004,984872.0,4.9597,False
2022,842,USA,410,Rep. of Korea,4688685.0,539628.0,8.6887,False
2022,251,France,276,Germany,4642524.812,729893.0,6.3606,False
2022,842,USA,392,Japan,4611146.0,491802.0,9.376,False
2022,276,Germany,616,Poland,4583585.38,954231.0,4.8034,False
2022,251,France,616,Poland,4424647.35,784851.0,5.6376,False
2022,616,Poland,579,Norway,4387903.0,603868.0,7.2663,False
2022,710,South Africa,344,"China, Hong Kong SAR",4274071.93,596058.5,7.1706,False
2022,616,Poland,380,Italy,4235314.0,832819.0,5.0855,False
2022,616,Poland,112,Belarus,4198068.0,1696642.0,2.4743,False
2022,528,Netherlands,428,Latvia,4158724.923,633547.0,6.5642,False
2022,276,Germany,203,Czechia,4121408.2,745083.0,5.5315,False
2022,528,Netherlands,703,Slovakia,3785477.101,649730.0,5.8262,False
2022,616,Poland,203,Czechia,3756910.0,734175.0,5.1172,False
2022,528,Netherlands,784,United Arab Emirates,3751422.561,526422.0,7.1263,False
2022,688,Serbia,276,Germany,3668244.0,652634.0,5.6207,False
2022,710,South Africa,724,Spain,3638964.939,612745.5,5.9388,False
2022,604,Peru,764,Thailand,3627580.46,618773.0,5.8625,False
2022,724,Spain,703,Slovakia,3621359.061,768400.0,4.7129,False
2022,528,Netherlands,620,Portugal,3559684.52,530109.0,6.715,False
2022,724,Spain,348,Hungary,3508641.084,671375.0,5.2261,False
2022,251,France,826,United Kingdom,3489213.918,641912.0,5.4357,False
2022,504,Morocco,784,United Arab Emirates,3485438.824,602826.0,5.7818,False
2022,504,Morocco,643,Russian Federation,3326041.348,396720.7,8.3838,False
2022,710,South Africa,458,Malaysia,3145270.011,516020.0,6.0952,False
2022,724,Spain,191,Croatia,3140426.276,524852.0,5.9835,False
2022,528,Netherlands,352,Iceland,3086683.508,386014.0,7.9963,False
2022,724,Spain,642,Romania,2983327.775,593384.7,5.0276,False
2022,276,Germany,642,Romania,2979225.086,430330.0,6.9231,False
2022,616,Poland,233,Estonia,2962563.0,808422.125,3.6646,False
2022,710,South Africa,682,Saudi Arabia,2946733.752,335580.22,8.781,False
2022,276,Germany,703,Slovakia,2905859.46,453442.0,6.4084,False
2022,724,Spain,752,Sweden,2849250.674,507848.2,5.6104,False
2022,152,Chile,376,Israel,2844044.54,346793.2,8.201,False
2022,724,Spain,246,Finland,2825101.1,549138.0,5.1446,False
2022,276,Germany,724,Spain,2813821.528,604371.0,4.6558,False
2022,724,Spain,344,"China, Hong Kong SAR",2747139.655,281370.1,9.7634,False
2022,276,Germany,380,Italy,2673113.192,460043.0,5.8106,False
2022,528,Netherlands,699,India,2637588.805,251933.0,10.4694,False
2022,276,Germany,528,Netherlands,2634611.222,758738.0,3.4724,False
2022,842,USA,484,Mexico,2632895.0,613888.0,4.2889,False
2022,276,Germany,757,Switzerland,2612414.959,377591.0,6.9186,False
2022,688,Serbia,616,Poland,2606520.0,508936.0,5.1215,False
2022,56,Belgium,246,Finland,2557959.126,285464.38,8.9607,False
2022,152,Chile,724,Spain,2512935.82,625892.7,4.015,False
2022,724,Spain,702,Singapore,2434679.003,241936.5,10.0633,False
2022,724,Spain,233,Estonia,2399415.289,499695.0,4.8018,False
2022,251,France,372,Ireland,2285197.45,383144.0,5.9643,False
2022,724,Spain,579,Norway,2283478.563,248212.2,9.1997,False
2022,152,Chile,32,Argentina,2269571.69,450041.6,5.043,False
2022,528,Netherlands,100,Bulgaria,2269449.323,344353.0,6.5905,False
2022,276,Germany,752,Sweden,2217392.009,317142.0,6.9918,False
2022,528,Netherlands,348,Hungary,2187045.108,312079.0,7.008,False
2022,152,Chile,392,Japan,2181301.91,244282.14,8.9294,False
2022,616,Poland,440,Lithuania,2176566.0,513520.0,4.2385,False
2022,724,Spain,705,Slovenia,2114063.141,345845.0,6.1127,False
2022,276,Germany,208,Denmark,2081921.956,311615.649,6.6811,False
2022,620,Portugal,276,Germany,2071587.278,335918.0,6.1669,False
2022,724,Spain,208,Denmark,2055660.98,353442.3,5.8161,False
2022,724,Spain,428,Latvia,2015745.372,438463.5,4.5973,False
2022,688,Serbia,826,United Kingdom,2011639.0,374113.0,5.3771,False
2022,616,Poland,757,Switzerland,2010195.0,366913.0,5.4787,False
2022,620,Portugal,56,Belgium,1859155.641,281343.0,6.6081,False
2022,528,Netherlands,300,Greece,1854511.306,243075.0,7.6294,False
2022,276,Germany,705,Slovenia,1829968.647,281516.0,6.5004,False
2022,616,Poland,703,Slovakia,1789484.0,301245.0,5.9403,False
2022,504,Morocco,440,Lithuania,1764166.93,306783.0,5.7505,False
2022,710,South Africa,414,Kuwait,1724260.292,161330.52,10.6878,False
2022,616,Poland,724,Spain,1714090.0,423799.833,4.0446,False
2022,152,Chile,344,"China, Hong Kong SAR",1693726.31,325734.0,5.1997,False
2022,152,Chile,56,Belgium,1673867.14,788116.8,2.1239,False
2022,710,South Africa,276,Germany,1670003.02,349470.0,4.7787,False
2022,56,Belgium,440,Lithuania,1656691.451,255584.89,6.482,False
2022,56,Belgium,442,Luxembourg,1584459.506,215151.65,7.3644,False
2022,251,France,724,Spain,1553157.048,243725.0,6.3726,False
2022,528,Netherlands,191,Croatia,1550871.052,253774.0,6.1112,False
2022,604,Peru,372,Ireland,1533344.117,332662.5,4.6093,False
2022,152,Chile,76,Brazil,1510526.63,283056.5,5.3365,False
2022,528,Netherlands,233,Estonia,1461452.48,220532.0,6.6269,False
2022,504,Morocco,56,Belgium,1448305.826,235888.2,6.1398,False
2022,710,South Africa,634,Qatar,1413383.825,174914.44,8.0804,False
2022,604,Peru,76,Brazil,1394358.09,254872.5,5.4708,False
2022,842,USA,490,"Other Asia, nes",1375906.0,209913.0,6.5546,False
2022,616,Poland,804,Ukraine,1365187.0,532371.0,2.5644,False
2022,484,Mexico,124,Canada,1300433.0,162177.0,8.0186,False
2022,528,Netherlands,442,Luxembourg,1255965.836,205287.0,6.1181,False
2022,724,Spain,100,Bulgaria,1211840.95,231882.1,5.2261,False
2022,124,Canada,528,Netherlands,1210637.481,566531.0,2.1369,False
2022,724,Spain,440,Lithuania,1196879.825,250273.7,4.7823,False
2022,604,Peru,188,Costa Rica,1177069.967,179839.84,6.5451,False
2022,56,Belgium,251,France,1152423.107,540499.0,2.1321,False
2022,504,Morocco,682,Saudi Arabia,1137417.297,196523.9,5.7877,False
2022,616,Poland,40,Austria,1132593.0,282432.0,4.0101,False
2022,604,Peru,702,Singapore,1103971.21,188100.0,5.8691,False
2022,528,Netherlands,634,Qatar,1092771.73,137447.0,7.9505,False
2022,604,Peru,170,Colombia,1090460.62,212254.5,5.1375,False
2022,56,Belgium,276,Germany,1045303.513,163847.52,6.3797,False
2022,56,Belgium,579,Norway,1041316.201,136828.5,7.6104,False
2022,604,Peru,458,Malaysia,1004670.59,173061.0,5.8053,False
2022,528,Netherlands,688,Serbia,960625.711,105859.0,9.0746,False
2022,56,Belgium,752,Sweden,956162.372,147686.21,6.4743,False
2022,504,Morocco,458,Malaysia,954465.749,68051.0,14.0257,False
2022,710,South Africa,251,France,936321.107,127758.15,7.3289,False
2022,152,Chile,643,Russian Federation,920145.6,147211.7,6.2505,False
2022,724,Spain,458,Malaysia,916635.794,87510.67,10.4746,False
2022,528,Netherlands,792,Türkiye,873605.984,108416.0,8.0579,False
2022,152,Chile,682,Saudi Arabia,824119.2,119992.3,6.8681,False
2022,504,Morocco,634,Qatar,804459.482,86439.0,9.3067,False
2022,842,USA,36,Australia,792750.0,220293.0,3.5986,False
2022,528,Netherlands,268,Georgia,756493.287,82079.0,9.2166,False
2022,620,Portugal,826,United Kingdom,755649.212,100206.0,7.541,False
2022,504,Morocco,616,Poland,750013.161,110422.5,6.7922,False
2022,616,Poland,372,Ireland,749011.0,181615.0,4.1242,False
2022,604,Peru,699,India,741801.529,139552.02,5.3156,False
2022,620,Portugal,616,Poland,728502.681,142293.0,5.1197,False
2022,56,Belgium,208,Denmark,713126.184,90244.41,7.9022,False
2022,710,South Africa,620,Portugal,697603.209,130560.0,5.3432,False
2022,604,Peru,152,Chile,672210.19,135577.98,4.9581,False
2022,152,Chile,380,Italy,666374.97,156789.6,4.2501,False
2022,604,Peru,682,Saudi Arabia,663996.07,127206.7,5.2198,False
2022,504,Morocco,124,Canada,659318.391,100387.96,6.5677,False
2022,251,France,56,Belgium,652277.018,79769.0,8.1771,False
2022,842,USA,44,Bahamas,630989.0,103832.0,6.077,False
2022,616,Poland,376,Israel,615549.0,92066.0,6.686,False
2022,152,Chile,251,France,609775.06,101168.8,6.0273,False
2022,504,Morocco,428,Latvia,595039.868,130350.0,4.5649,False
2022,152,Chile,702,Singapore,589657.47,119184.0,4.9475,False
2022,688,Serbia,56,Belgium,577774.0,97715.0,5.9128,False
2022,276,Germany,233,Estonia,574219.491,111262.0,5.161,False
2022,616,Poland,348,Hungary,568042.0,109375.0,5.1935,False
2022,344,"China, Hong Kong SAR",446,"China, Macao SAR",561558.644,70320.0,7.9858,False
2022,528,Netherlands,470,Malta,560739.971,78589.0,7.1351,False
2022,842,USA,136,Cayman Isds,553958.0,36388.0,15.2236,False
2022,56,Belgium,428,Latvia,535245.557,69605.58,7.6897,False
2022,842,USA,702,Singapore,521446.0,51353.0,10.1541,False
2022,842,USA,56,Belgium,520345.0,197428.0,2.6356,False
2022,724,Spain,688,Serbia,510025.886,64770.0,7.8744,False
2022,528,Netherlands,702,Singapore,506283.667,53046.0,9.5442,False
2022,124,Canada,826,United Kingdom,503240.44,181287.0,2.7759,False
2022,152,Chile,372,Ireland,500468.07,126588.8,3.9535,False
2022,616,Poland,642,Romania,495399.0,190116.0,2.6058,False
2022,251,France,442,Luxembourg,491313.349,59903.0,8.2018,False
2022,616,Poland,191,Croatia,489796.0,98973.0,4.9488,False
2022,528,Netherlands,804,Ukraine,485813.455,53149.0,9.1406,False
2022,842,USA,826,United Kingdom,485007.0,174412.0,2.7808,False
2022,604,Peru,784,United Arab Emirates,470983.32,63132.0,7.4603,False
2022,724,Spain,682,Saudi Arabia,457912.3,50574.95,9.0541,False
2022,724,Spain,360,Indonesia,453723.146,41176.5,11.019,False
2022,528,Netherlands,196,Cyprus,444556.063,49771.0,8.932,False
2022,604,Peru,591,Panama,439216.12,68630.06,6.3998,False
2022,710,South Africa,480,Mauritius,435455.474,74853.09,5.8175,False
2022,724,Spain,442,Luxembourg,416276.305,54528.0,7.6342,False
2022,842,USA,704,Viet Nam,411916.0,41733.0,9.8703,False
2022,152,Chile,699,India,403449.37,71287.3,5.6595,False
2022,842,USA,458,Malaysia,401832.0,43804.0,9.1734,False
2022,616,Poland,784,United Arab Emirates,400597.0,55692.0,7.1931,False
2022,504,Morocco,620,Portugal,393697.639,55162.5,7.1371,False
2022,152,Chile,757,Switzerland,388556.51,94515.2,4.111,False
2022,251,France,203,Czechia,387063.342,57283.0,6.757,False
2022,620,Portugal,752,Sweden,378847.485,49521.0,7.6502,False
2022,710,South Africa,764,Thailand,373298.217,51489.0,7.2501,False
2022,276,Germany,428,Latvia,372193.477,53338.0,6.978,False
2022,724,Spain,300,Greece,370321.579,86976.7,4.2577,False
2022,842,USA,682,Saudi Arabia,361739.0,31440.0,11.5057,False
2022,528,Netherlands,400,Jordan,359950.977,48802.0,7.3757,False
2022,710,South Africa,504,Morocco,343391.309,67129.6,5.1153,False
2022,620,Portugal,233,Estonia,339037.797,64843.0,5.2286,False
2022,710,South Africa,372,Ireland,319646.538,49967.6,6.3971,False
2022,688,Serbia,579,Norway,303645.0,34998.0,8.6761,False
2022,604,Peru,222,El Salvador,301351.99,48339.4,6.2341,False
2022,124,Canada,392,Japan,296073.593,26985.0,10.9718,False
2022,616,Poland,56,Belgium,295774.0,50193.0,5.8927,False
2022,528,Netherlands,498,Rep. of Moldova,293462.539,38192.0,7.6839,False
2022,724,Spain,784,United Arab Emirates,291240.512,30641.0,9.5049,False
2022,276,Germany,372,Ireland,287589.948,39276.0,7.3223,False
2022,616,Poland,251,France,286547.0,54225.0,5.2844,False
2022,620,Portugal,757,Switzerland,278186.027,52682.0,5.2805,False
2022,688,Serbia,40,Austria,267984.0,37739.0,7.101,False
2022,152,Chile,764,Thailand,265715.6,49747.5,5.3413,False
2022,504,Morocco,48,Bahrain,264617.744,32960.0,8.0285,False
2022,56,Belgium,372,Ireland,264594.04,34075.49,7.7649,False
2022,484,Mexico,702,Singapore,263139.0,22770.0,11.5564,False
2022,528,Netherlands,566,Nigeria,261042.331,25105.0,10.398,False
2022,842,USA,528,Netherlands,257551.0,72731.0,3.5411,False
2022,842,USA,784,United Arab Emirates,257162.0,27833.0,9.2395,False
2022,688,Serbia,724,Spain,244514.0,39501.0,6.1901,False
2022,616,Poland,643,Russian Federation,242465.0,32598.0,7.438,False
2022,724,Spain,400,Jordan,239440.797,20923.0,11.4439,False
2022,152,Chile,858,Uruguay,234551.472,47806.5,4.9063,False
2022,710,South Africa,48,Bahrain,230509.705,46887.0,4.9163,False
2022,528,Netherlands,31,Azerbaijan,228871.695,21799.0,10.4992,False
2022,124,Canada,490,"Other Asia, nes",224886.424,58373.0,3.8526,False
2022,528,Netherlands,344,"China, Hong Kong SAR",223916.048,23809.0,9.4047,False
2022,56,Belgium,233,Estonia,217215.227,31130.89,6.9775,False
2022,604,Peru,376,Israel,216889.46,39600.0,5.477,False
2022,688,Serbia,203,Czechia,215115.0,39428.0,5.4559,False
2022,124,Canada,410,Rep. of Korea,211833.573,41000.0,5.1667,False
2022,124,Canada,376,Israel,205832.289,68397.0,3.0094,False
2022,528,Netherlands,398,Kazakhstan,195559.555,19297.0,10.1342,False
2022,616,Poland,246,Finland,193066.0,42391.0,4.5544,False
2022,528,Netherlands,112,Belarus,184798.451,26488.0,6.9767,False
2022,251,France,579,Norway,180468.257,19203.0,9.3979,False
2022,620,Portugal,372,Ireland,173631.063,20772.0,8.3589,False
2022,276,Germany,251,France,170180.17,24292.0,7.0056,False
2022,724,Spain,634,Qatar,167743.665,16298.3,10.2921,False
2022,710,South Africa,516,Namibia,165669.861,46048.18,3.5978,False
2022,124,Canada,276,Germany,163663.492,100898.0,1.6221,False
2022,124,Canada,251,France,160610.989,44178.0,3.6355,False
2022,528,Netherlands,414,Kuwait,156782.092,18781.0,8.3479,False
2022,276,Germany,348,Hungary,154435.669,17965.0,8.5965,False
2022,688,Serbia,246,Finland,153011.0,21348.0,7.1675,False
2022,124,Canada,616,Poland,151803.83,113832.0,1.3336,False
2022,484,Mexico,764,Thailand,151079.0,12213.0,12.3703,False
2022,528,Netherlands,512,Oman,145955.699,17667.0,8.2615,False
2022,842,USA,152,Chile,144960.0,45288.0,3.2008,False
2022,251,France,703,Slovakia,144801.97,20142.0,7.1891,False
2022,710,South Africa,512,Oman,143557.411,18565.5,7.7325,False
2022,484,Mexico,320,Guatemala,141159.0,18494.0,7.6327,False
2022,604,Peru,320,Guatemala,140907.26,20120.26,7.0033,False
2022,528,Netherlands,682,Saudi Arabia,140694.668,14724.0,9.5555,False
2022,251,France,440,Lithuania,138693.286,16305.0,8.5062,False
2022,710,South Africa,72,Botswana,136642.516,47218.07,2.8939,False
2022,710,South Africa,643,Russian Federation,135560.885,19440.0,6.9733,False
2022,152,Chile,458,Malaysia,133463.8,23166.0,5.7612,False
2022,842,USA,780,Trinidad and Tobago,132779.0,15798.0,8.4048,False
2022,620,Portugal,442,Luxembourg,129083.941,33718.0,3.8283,False
2022,724,Spain,414,Kuwait,125545.553,11778.0,10.6593,False
2022,251,France,428,Latvia,121888.845,33187.0,3.6728,False
2022,504,Morocco,764,Thailand,120835.625,10485.0,11.5246,False
2022,528,Netherlands,533,Aruba,116424.003,10815.0,10.765,False
2022,124,Canada,70,Bosnia Herzegovina,112855.795,63000.0,1.7914,False
2022,251,France,40,Austria,111349.803,13858.0,8.0351,False
2022,616,Poland,682,Saudi Arabia,110567.0,12150.0,9.1002,False
2022,688,Serbia,208,Denmark,109502.0,14748.0,7.4249,False
2022,124,Canada,56,Belgium,107480.686,37929.0,2.8337,False
2022,124,Canada,156,China,107101.139,24948.0,4.293,False
2022,604,Peru,620,Portugal,107003.61,17280.0,6.1923,False
2022,842,USA,533,Aruba,106898.0,9521.0,11.2276,False
2022,56,Belgium,352,Iceland,106385.769,12000.0,8.8655,False
2022,688,Serbia,251,France,102416.0,14989.0,6.8327,False
2022,484,Mexico,344,"China, Hong Kong SAR",100644.0,13464.0,7.475,False
2022,528,Netherlands,462,Maldives,98996.049,10661.0,9.2858,False
2022,152,Chile,752,Sweden,95864.99,19500.0,4.9162,False
2022,724,Spain,76,Brazil,94264.838,14589.0,6.4614,False
2022,528,Netherlands,458,Malaysia,93259.04,8922.0,10.4527,False
2022,124,Canada,372,Ireland,90930.479,33283.0,2.732,False
2022,528,Netherlands,422,Lebanon,89395.404,9039.0,9.89,False
2022,842,USA,156,China,87500.0,88000.0,0.9943,False
2022,688,Serbia,757,Switzerland,86302.0,18201.0,4.7416,False
2022,842,USA,608,Philippines,86136.0,8669.0,9.9361,False
2022,710,South Africa,699,India,85596.266,5000.0,17.1193,False
2022,528,Netherlands,705,Slovenia,83152.932,12024.0,6.9156,False
2022,616,Poland,702,Singapore,82021.0,11364.0,7.2176,False
2022,842,USA,52,Barbados,80302.0,12443.0,6.4536,False
2022,56,Belgium,203,Czechia,77175.765,10289.52,7.5004,False
2022,484,Mexico,414,Kuwait,75681.0,5033.0,15.037,False
2022,56,Belgium,757,Switzerland,74605.575,9320.0,8.0049,False
2022,528,Netherlands,376,Israel,71763.158,4098.0,17.5118,False
2022,842,USA,214,Dominican Rep.,70361.0,7894.0,8.9132,False
2022,124,Canada,344,"China, Hong Kong SAR",70141.496,13489.0,5.1999,False
2022,504,Morocco,512,Oman,68177.245,13153.5,5.1832,False
2022,620,Portugal,246,Finland,66539.02,10636.0,6.256,False
2022,620,Portugal,208,Denmark,64030.531,9169.0,6.9834,False
2022,124,Canada,699,India,63311.972,19051.0,3.3233,False
2022,276,Germany,56,Belgium,62271.73,10590.0,5.8802,False
2022,724,Spain,292,Gibraltar,62149.603,11116.12,5.5909,False
2022,251,France,348,Hungary,61783.586,15289.0,4.041,False
2022,276,Germany,442,Luxembourg,60775.531,6862.0,8.8568,False
2022,842,USA,414,Kuwait,60745.0,5572.0,10.9018,False
2022,688,Serbia,380,Italy,59513.0,8253.0,7.2111,False
2022,724,Spain,470,Malta,57665.47,33381.2,1.7275,False
2022,56,Belgium,703,Slovakia,56326.526,9406.91,5.9878,False
2022,688,Serbia,499,Montenegro,55109.0,13375.0,4.1203,False
2022,152,Chile,214,Dominican Rep.,49623.76,3567.96,13.9082,False
2022,616,Poland,498,Rep. of Moldova,47848.0,6508.0,7.3522,False
2022,710,South Africa,748,Eswatini,45844.076,6102.88,7.5119,False
2022,616,Poland,496,Mongolia,43812.0,6000.0,7.302,False
2022,842,USA,634,Qatar,43524.0,3499.0,12.439,False
2022,528,Netherlands,51,Armenia,39872.633,4944.0,8.0649,False
2022,484,Mexico,84,Belize,39038.0,7747.0,5.0391,False
2022,604,Peru,116,Cambodia,37584.22,6564.0,5.7258,False
2022,724,Spain,504,Morocco,37447.831,4103.18,9.1265,False
2022,528,Netherlands,368,Iraq,36701.904,3750.0,9.7872,False
2022,604,Peru,56,Belgium,36000.0,7200.0,5.0,False
2022,842,USA,32,Argentina,35491.0,14300.0,2.4819,False
2022,528,Netherlands,48,Bahrain,34978.063,4324.0,8.0893,False
2022,528,Netherlands,818,Egypt,34882.236,3780.0,9.2281,False
2022,710,South Africa,426,Lesotho,34273.112,5080.89,6.7455,False
2022,710,South Africa,462,Maldives,33430.783,4961.0,6.7387,False
2022,620,Portugal,132,Cabo Verde,32471.643,1409.0,23.0459,False
2022,604,Peru,858,Uruguay,32385.95,5310.0,6.099,False
2022,504,Morocco,400,Jordan,31996.795,3255.0,9.83,False
2022,152,Chile,591,Panama,31985.53,3693.18,8.6607,False
2022,56,Belgium,40,Austria,31665.549,3125.38,10.1317,False
2022,620,Portugal,24,Angola,30942.619,2486.0,12.4467,False
2022,251,France,804,Ukraine,29931.388,3434.0,8.7162,False
2022,504,Morocco,156,China,29328.665,2212.2,13.2577,False
2022,724,Spain,804,Ukraine,28811.411,11400.0,2.5273,False
2022,710,South Africa,894,Zambia,28373.022,6308.55,4.4976,False
2022,251,France,620,Portugal,26477.318,4331.0,6.1134,False
2022,710,South Africa,508,Mozambique,26007.692,18492.47,1.4064,False
2022,124,Canada,620,Portugal,25176.044,21000.0,1.1989,False
2022,724,Spain,764,Thailand,25092.78,2197.5,11.4188,False
2022,251,France,752,Sweden,24498.27,2247.0,10.9027,False
2022,504,Morocco,380,Italy,24486.204,4056.0,6.037,False
2022,124,Canada,784,United Arab Emirates,22182.701,7965.0,2.785,False
2022,842,USA,591,Panama,22171.0,3163.0,7.0095,False
2022,616,Poland,100,Bulgaria,21657.0,5400.0,4.0106,False
2022,724,Spain,398,Kazakhstan,20918.98,1623.0,12.8891,False
2022,152,Chile,608,Philippines,20872.2,3600.0,5.7978,False
2022,842,USA,92,Br. Virgin Isds,20847.0,3566.0,5.846,False
2022,504,Morocco,414,Kuwait,20682.514,2594.7,7.9711,False
2022,528,Netherlands,568,M49-568,19276.055,2692.0,7.1605,False
2022,842,USA,218,Ecuador,19194.0,6774.0,2.8335,False
2022,152,Chile,360,Indonesia,18838.92,3840.0,4.906,False
2022,504,Morocco,372,Ireland,18399.296,2274.0,8.0912,False
2022,616,Poland,688,Serbia,18344.0,3600.0,5.0956,False
2022,710,South Africa,690,Seychelles,18166.768,1997.72,9.0938,False
2022,484,Mexico,682,Saudi Arabia,17675.0,1238.0,14.2771,False
2022,688,Serbia,498,Rep. of Moldova,17362.0,4400.0,3.9459,False
2022,842,USA,388,Jamaica,17224.0,3822.0,4.5065,False
2022,56,Belgium,724,Spain,16512.412,2296.51,7.1902,False
2022,616,Poland,414,Kuwait,16125.0,2027.0,7.9551,False
2022,251,France,688,Serbia,15887.45,1748.0,9.0889,False
2022,251,France,705,Slovenia,15666.144,1551.0,10.1007,False
2022,152,Chile,188,Costa Rica,15358.95,1485.0,10.3427,False
2022,724,Spain,512,Oman,15201.547,1753.5,8.6693,False
2022,842,USA,60,Bermuda,14522.0,2247.0,6.4628,False
2022,276,Germany,837,M49-837,13873.458,2020.0,6.868,False
2022,528,Netherlands,288,Ghana,13097.819,1316.0,9.9527,False
2022,251,France,392,Japan,12893.993,1375.0,9.3774,False
2022,124,Canada,702,Singapore,12429.75,2591.0,4.7973,False
2022,724,Spain,352,Iceland,11896.29,1122.0,10.6028,False
2022,710,South Africa,24,Angola,11888.037,2533.1,4.6931,False
2022,152,Chile,784,United Arab Emirates,11753.0,3240.0,3.6275,False
2022,152,Chile,170,Colombia,11681.17,2770.2,4.2167,False
2022,616,Poland,300,Greece,11657.0,2100.0,5.551,False
2022,842,USA,320,Guatemala,11570.0,2667.0,4.3382,False
2022,152,Chile,320,Guatemala,11310.0,1170.0,9.6667,False
2022,842,USA,344,"China, Hong Kong SAR",10800.0,1261.0,8.5646,False
2022,688,Serbia,807,North Macedonia,10777.0,1237.0,8.7122,False
2022,124,Canada,360,Indonesia,10621.143,2212.0,4.8016,False
2022,842,USA,662,Saint Lucia,10254.0,1563.0,6.5605,False
2022,710,South Africa,400,Jordan,10202.647,1851.0,5.512,False
2022,56,Belgium,380,Italy,10021.885,1717.94,5.8337,False
2022,276,Germany,440,Lithuania,9974.659,1200.0,8.3122,False
2022,528,Netherlands,690,Seychelles,9633.289,1043.0,9.2361,False
2022,124,Canada,764,Thailand,9161.351,1909.0,4.799,False
2022,710,South Africa,116,Cambodia,9078.646,2315.0,3.9217,False
2022,152,Chile,660,Anguilla,8921.41,2448.0,3.6444,False
2022,710,South Africa,800,Uganda,8887.277,5246.25,1.694,False
2022,616,Poland,51,Armenia,8720.0,2775.0,3.1423,False
2022,688,Serbia,191,Croatia,8276.0,1760.0,4.7023,False
2022,842,USA,222,El Salvador,7740.0,2178.0,3.5537,False
2022,528,Netherlands,860,Uzbekistan,7708.316,1155.0,6.6739,False
2022,616,Poland,705,Slovenia,6576.0,2000.0,3.288,False
2022,604,Peru,634,Qatar,6302.84,1147.5,5.4927,False
2022,616,Poland,417,Kyrgyzstan,5694.0,34848.0,0.1634,False
2022,124,Canada,634,Qatar,5361.28,1118.0,4.7954,False
2022,710,South Africa,566,Nigeria,5330.752,1070.0,4.982,False
2022,616,Poland,398,Kazakhstan,5279.0,5155.0,1.0241,False
2022,56,Belgium,826,United Kingdom,2876.588,2080.0,1.383,False
2022,152,Chile,604,Peru,2594.64,19584.0,0.1325,False
2022,710,South Africa,404,Kenya,2260.597,1694.0,1.3345,False
2022,604,Peru,380,Italy,2193.051,1127.711,1.9447,False
2022,528,Netherlands,50,Bangladesh,1956.564,2015.0,0.971,False
2023,604,Peru,842,USA,957304001.56,112766548.0,8.4893,False
2023,604,Peru,528,Netherlands,356183633.04,45591416.0,7.8125,False
2023,484,Mexico,842,USA,288120958.0,54050199.0,5.3306,False
2023,842,USA,124,Canada,279143682.0,53350339.0,5.2323,False
2023,152,Chile,842,USA,196138726.991,41890722.566,4.6822,False
2023,124,Canada,842,USA,186222596.483,79937920.0,2.3296,False
2023,724,Spain,276,Germany,148887991.858,21130732.0,7.046,False
2023,528,Netherlands,276,Germany,143168762.489,19731708.0,7.2558,False
2023,604,Peru,156,China,129313272.77,16537508.5,7.8194,False
2023,504,Morocco,724,Spain,83921216.684,17532550.4,4.7866,False
2023,604,Peru,344,"China, Hong Kong SAR",82005334.36,9522318.0,8.6119,False
2023,604,Peru,826,United Kingdom,81605651.68,12890825.4,6.3305,False
2023,616,Poland,276,Germany,72399824.0,11105917.0,6.519,False
2023,152,Chile,528,Netherlands,69743828.413,17204467.87,4.0538,False
2023,724,Spain,528,Netherlands,69031107.402,10352298.2,6.6682,False
2023,504,Morocco,528,Netherlands,66872713.403,10004177.1,6.6845,False
2023,724,Spain,826,United Kingdom,66006309.819,8935896.1,7.3866,False
2023,344,"China, Hong Kong SAR",156,China,64733939.24,11084300.0,5.8401,False
2023,504,Morocco,826,United Kingdom,60251480.041,10895826.62,5.5298,False
2023,528,Netherlands,56,Belgium,58419889.302,7499538.0,7.7898,False
2023,710,South Africa,528,Netherlands,54122252.122,8945030.0,6.0505,False
2023,724,Spain,616,Poland,52571479.701,7109637.3,7.3944,False
2023,528,Netherlands,616,Poland,51018328.793,6854609.0,7.4429,False
2023,710,South Africa,826,United Kingdom,45801033.74,8352989.8,5.4832,False
2023,528,Netherlands,757,Switzerland,36400604.256,3229334.0,11.2719,False
2023,152,Chile,826,United Kingdom,31752388.06,6409669.32,4.9538,False
2023,724,Spain,380,Italy,31215894.31,4396966.0,7.0994,False
2023,724,Spain,251,France,29413912.676,4061895.0,7.2414,False
2023,616,Poland,826,United Kingdom,27269888.0,4274861.0,6.3791,False
2023,152,Chile,410,Rep. of Korea,25807448.27,2932583.666,8.8002,False
2023,504,Morocco,276,Germany,23641451.146,3360932.6,7.0342,False
2023,152,Chile,156,China,22235412.19,3995826.3,5.5647,False
2023,724,Spain,757,Switzerland,20854880.406,2242281.0,9.3007,False
2023,528,Netherlands,208,Denmark,20660025.507,2193033.0,9.4208,False
2023,276,Germany,40,Austria,20332362.476,2708164.0,7.5078,False
2023,152,Chile,276,Germany,19554401.256,4684648.66,4.1741,False
2023,504,Morocco,251,France,19453350.768,3136673.1,6.2019,False
2023,528,Netherlands,724,Spain,19101035.111,2539428.0,7.5218,False
2023,528,Netherlands,826,United Kingdom,18597346.668,3027060.0,6.1437,False
2023,528,Netherlands,643,Russian Federation,18275650.872,1820871.0,10.0368,False
2023,528,Netherlands,579,Norway,18062048.419,1680467.0,10.7482,False
2023,688,Serbia,528,Netherlands,16887691.0,2822495.0,5.9832,False
2023,528,Netherlands,40,Austria,16368418.454,1459846.0,11.2124,False
2023,620,Portugal,528,Netherlands,16263784.089,2545755.0,6.3886,False
2023,604,Peru,124,Canada,15724417.43,1730774.86,9.0852,False
2023,710,South Africa,276,Germany,14848721.046,1840204.4,8.0691,False
2023,528,Netherlands,380,Italy,14637957.236,1722346.0,8.4988,False
2023,528,Netherlands,372,Ireland,14312148.294,2338701.0,6.1197,False
2023,528,Netherlands,246,Finland,14304566.438,1599310.0,8.9442,False
2023,620,Portugal,724,Spain,13889731.245,2221278.0,6.253,False
2023,528,Netherlands,251,France,13752787.493,1651261.0,8.3287,False
2023,251,France,757,Switzerland,12484452.065,1283083.0,9.73,False
2023,710,South Africa,784,United Arab Emirates,12383235.789,1531960.1,8.0833,False
2023,724,Spain,56,Belgium,11230176.178,1490759.0,7.5332,False
2023,528,Netherlands,642,Romania,11143903.647,1356131.0,8.2174,False
2023,724,Spain,40,Austria,11087720.411,1412026.3,7.8523,False
2023,528,Netherlands,752,Sweden,10676347.958,1917456.0,5.568,False
2023,616,Poland,528,Netherlands,10617011.0,2056975.0,5.1615,False
2023,604,Peru,490,"Other Asia, nes",10417018.2,1289112.2,8.0808,False
2023,56,Belgium,643,Russian Federation,10294446.036,1015314.12,10.1392,False
2023,604,Peru,724,Spain,10157321.14,1453675.1,6.9873,False
2023,528,Netherlands,203,Czechia,9550705.156,1083748.0,8.8127,False
2023,504,Morocco,616,Poland,9523510.952,1003662.0,9.4888,False
2023,251,France,528,Netherlands,9069064.296,1102966.0,8.2224,False
2023,56,Belgium,528,Netherlands,8967177.003,1291678.07,6.9423,False
2023,504,Morocco,643,Russian Federation,8349519.663,875718.0,9.5345,False
2023,504,Morocco,344,"China, Hong Kong SAR",8283269.78,604971.8,13.692,False
2023,251,France,276,Germany,8164829.441,1256040.0,6.5005,False
2023,276,Germany,246,Finland,8147917.717,935980.0,8.7052,False
2023,620,Portugal,251,France,7818322.523,1053570.0,7.4208,False
2023,710,South Africa,724,Spain,7758965.661,1182815.0,6.5597,False
2023,484,Mexico,392,Japan,7734783.0,683565.0,11.3154,False
2023,616,Poland,380,Italy,7471448.0,1038720.0,7.1929,False
2023,251,France,380,Italy,6960448.813,903755.0,7.7017,False
2023,724,Spain,203,Czechia,6832076.308,1031056.4,6.6263,False
2023,616,Poland,428,Latvia,6801149.0,908440.0,7.4866,False
2023,616,Poland,752,Sweden,6791112.0,746593.0,9.0961,False
2023,688,Serbia,616,Poland,6709637.0,1103472.0,6.0805,False
2023,710,South Africa,702,Singapore,6584230.097,1064576.26,6.1848,False
2023,504,Morocco,579,Norway,6475409.503,1040515.4,6.2233,False
2023,504,Morocco,784,United Arab Emirates,6415494.129,969799.0,6.6153,False
2023,724,Spain,703,Slovakia,6311541.203,818765.0,7.7086,False
2023,152,Chile,124,Canada,6004118.49,1083026.79,5.5438,False
2023,724,Spain,620,Portugal,5781254.353,1653956.5,3.4954,False
2023,724,Spain,348,Hungary,5709150.712,732989.0,7.7889,False
2023,276,Germany,528,Netherlands,5622324.8,618006.0,9.0975,False
2023,842,USA,410,Rep. of Korea,5598460.0,604177.0,9.2663,False
2023,604,Peru,764,Thailand,5551160.54,746895.2,7.4323,False
2023,616,Poland,579,Norway,5375271.0,566120.0,9.4949,False
2023,276,Germany,757,Switzerland,5331776.983,495829.0,10.7533,False
2023,616,Poland,208,Denmark,5320107.0,640798.0,8.3023,False
2023,251,France,616,Poland,5173143.019,640490.0,8.0769,False
2023,528,Netherlands,440,Lithuania,5106777.629,623267.0,8.1936,False
2023,842,USA,490,"Other Asia, nes",5066528.0,505332.0,10.0261,False
2023,276,Germany,203,Czechia,4952214.464,627720.0,7.8892,False
2023,56,Belgium,246,Finland,4866633.199,475922.93,10.2257,False
2023,251,France,826,United Kingdom,4837541.609,807417.0,5.9914,False
2023,528,Netherlands,428,Latvia,4790797.419,577337.0,8.2981,False
2023,724,Spain,642,Romania,4752063.349,856493.6,5.5483,False
2023,152,Chile,490,"Other Asia, nes",4741660.58,603566.78,7.8561,False
2023,842,USA,392,Japan,4706574.0,731983.0,6.4299,False
2023,710,South Africa,344,"China, Hong Kong SAR",4678776.453,572241.43,8.1762,False
2023,528,Netherlands,620,Portugal,4657713.796,522206.0,8.9193,False
2023,504,Morocco,702,Singapore,4558073.384,430892.8,10.5782,False
2023,604,Peru,76,Brazil,4463428.0,721181.7,6.189,False
2023,616,Poland,203,Czechia,4376370.0,597434.0,7.3253,False
2023,724,Spain,191,Croatia,4313686.18,557646.5,7.7355,False
2023,724,Spain,372,Ireland,4266722.673,523242.0,8.1544,False
2023,688,Serbia,643,Russian Federation,4225854.0,668789.0,6.3187,False
2023,504,Morocco,124,Canada,4172387.506,650912.14,6.4101,False
2023,152,Chile,392,Japan,4018660.18,385589.5,10.4221,False
2023,528,Netherlands,352,Iceland,3948216.684,361579.0,10.9194,False
2023,724,Spain,376,Israel,3837864.236,371116.8,10.3414,False
2023,710,South Africa,458,Malaysia,3641707.956,549837.9,6.6232,False
2023,710,South Africa,682,Saudi Arabia,3609371.798,441836.42,8.169,False
2023,528,Netherlands,300,Greece,3572077.932,340132.0,10.502,False
2023,724,Spain,752,Sweden,3526083.857,454886.8,7.7516,False
2023,620,Portugal,276,Germany,3488338.002,529876.0,6.5833,False
2023,724,Spain,208,Denmark,3468849.022,484054.7,7.1662,False
2023,688,Serbia,276,Germany,3413880.0,506247.0,6.7435,False
2023,152,Chile,724,Spain,3369349.22,742659.44,4.5369,False
2023,276,Germany,703,Slovakia,3367223.534,344411.0,9.7768,False
2023,724,Spain,705,Slovenia,3011007.591,341852.6,8.8079,False
2023,504,Morocco,682,Saudi Arabia,2988412.584,477370.4,6.2602,False
2023,528,Netherlands,100,Bulgaria,2971936.003,343401.0,8.6544,False
2023,276,Germany,616,Poland,2958706.869,327430.0,9.0362,False
2023,152,Chile,376,Israel,2924362.72,419429.66,6.9722,False
2023,842,USA,484,Mexico,2901099.0,667183.0,4.3483,False
2023,528,Netherlands,703,Slovakia,2828750.088,312443.0,9.0537,False
2023,604,Peru,643,Russian Federation,2763694.93,249109.7,11.0943,False
2023,724,Spain,246,Finland,2759012.446,417881.0,6.6024,False
2023,616,Poland,112,Belarus,2748905.0,1075428.0,2.5561,False
2023,710,South Africa,372,Ireland,2706714.801,350000.2,7.7335,False
2023,124,Canada,528,Netherlands,2693263.734,1098203.0,2.4524,False
2023,616,Poland,233,Estonia,2628336.0,478738.0,5.4901,False
2023,616,Poland,724,Spain,2495271.0,452913.631,5.5094,False
2023,616,Poland,703,Slovakia,2447520.0,406069.0,6.0274,False
2023,276,Germany,752,Sweden,2436519.338,245069.0,9.9422,False
2023,604,Peru,702,Singapore,2297480.91,362428.0,6.3391,False
2023,604,Peru,170,Colombia,2227811.79,380909.9,5.8487,False
2023,604,Peru,682,Saudi Arabia,2183958.6,309903.3,7.0472,False
2023,276,Germany,208,Denmark,2081272.808,250077.0,8.3225,False
2023,616,Poland,804,Ukraine,2066803.0,699598.0,2.9543,False
2023,528,Netherlands,784,United Arab Emirates,2059387.457,215886.0,9.5392,False
2023,56,Belgium,442,Luxembourg,2020426.578,218061.71,9.2654,False
2023,710,South Africa,634,Qatar,1997956.214,230263.86,8.6768,False
2023,710,South Africa,251,France,1982141.681,226771.1,8.7407,False
2023,616,Poland,372,Ireland,1979377.0,357890.0,5.5307,False
2023,152,Chile,76,Brazil,1973178.69,334819.9,5.8933,False
2023,504,Morocco,458,Malaysia,1956051.193,169807.8,11.5192,False
2023,710,South Africa,414,Kuwait,1908997.771,160380.12,11.903,False
2023,504,Morocco,620,Portugal,1901368.504,277950.1,6.8407,False
2023,528,Netherlands,191,Croatia,1882176.181,280820.134,6.7024,False
2023,504,Morocco,428,Latvia,1869823.786,231346.0,8.0824,False
2023,616,Poland,440,Lithuania,1827554.0,307026.0,5.9524,False
2023,604,Peru,276,Germany,1816046.04,221567.0,8.1964,False
2023,724,Spain,344,"China, Hong Kong SAR",1784149.838,176793.2,10.0917,False
2023,616,Poland,757,Switzerland,1772016.0,225479.0,7.8589,False
2023,724,Spain,440,Lithuania,1726726.83,239107.0,7.2216,False
2023,152,Chile,32,Argentina,1696796.3,310855.9,5.4585,False
2023,724,Spain,100,Bulgaria,1691401.535,500881.1,3.3769,False
2023,528,Netherlands,688,Serbia,1663311.193,150929.0,11.0205,False
2023,528,Netherlands,348,Hungary,1638244.143,162172.0,10.1019,False
2023,276,Germany,705,Slovenia,1636855.661,180824.0,9.0522,False
2023,528,Netherlands,233,Estonia,1610144.134,179055.0,8.9925,False
2023,616,Poland,40,Austria,1602011.0,288956.0,5.5441,False
2023,528,Netherlands,268,Georgia,1589088.59,140398.0,11.3185,False
2023,842,USA,826,United Kingdom,1589064.0,425177.0,3.7374,False
2023,504,Morocco,56,Belgium,1587659.062,194575.0,8.1596,False
2023,842,USA,56,Belgium,1587405.0,527013.0,3.0121,False
2023,604,Peru,699,India,1577737.98,257852.0,6.1188,False
2023,251,France,56,Belgium,1553481.108,132674.0,11.709,False
2023,710,South Africa,56,Belgium,1491134.954,322792.4,4.6195,False
2023,251,France,428,Latvia,1481681.236,161442.0,9.1778,False
2023,620,Portugal,56,Belgium,1480737.905,198781.0,7.4491,False
2023,276,Germany,380,Italy,1470516.51,178900.0,8.2198,False
2023,620,Portugal,616,Poland,1457292.758,233920.0,6.2299,False
2023,724,Spain,233,Estonia,1436666.272,220267.0,6.5224,False
2023,528,Netherlands,634,Qatar,1421713.614,156982.0,9.0565,False
2023,688,Serbia,826,United Kingdom,1412236.0,278569.0,5.0696,False
2023,604,Peru,152,Chile,1371729.91,199745.1,6.8674,False
2023,528,Netherlands,699,India,1351264.638,105682.0,12.7861,False
2023,616,Poland,620,Portugal,1326114.0,148072.0,8.9559,False
2023,724,Spain,702,Singapore,1314469.305,125249.2,10.4948,False
2023,56,Belgium,440,Lithuania,1313092.436,134903.86,9.7335,False
2023,604,Peru,784,United Arab Emirates,1298317.02,149671.08,8.6745,False
2023,152,Chile,702,Singapore,1236937.63,206189.922,5.999,False
2023,152,Chile,344,"China, Hong Kong SAR",1236739.58,230632.0,5.3624,False
2023,604,Peru,188,Costa Rica,1213919.75,155534.44,7.8048,False
2023,251,France,724,Spain,1196586.036,156969.0,7.6231,False
2023,56,Belgium,276,Germany,1181426.432,136810.5,8.6355,False
2023,152,Chile,56,Belgium,1150388.08,272595.54,4.2201,False
2023,56,Belgium,428,Latvia,1142870.425,106475.96,10.7336,False
2023,124,Canada,276,Germany,1131275.813,256975.0,4.4023,False
2023,251,France,372,Ireland,1109792.286,156647.0,7.0847,False
2023,616,Poland,376,Israel,1077995.0,138826.0,7.7651,False
2023,251,France,203,Czechia,1075933.946,143221.0,7.5124,False
2023,251,France,442,Luxembourg,1073112.236,102538.0,10.4655,False
2023,604,Peru,376,Israel,1066767.65,185220.0,5.7595,False
2023,504,Morocco,634,Qatar,1059877.57,159446.7,6.6472,False
2023,276,Germany,642,Romania,1047355.955,111706.0,9.376,False
2023,724,Spain,428,Latvia,1022626.222,152815.3,6.6919,False
2023,724,Spain,579,Norway,1020711.09,119174.4,8.5649,False
2023,528,Netherlands,792,Türkiye,985129.783,105257.0,9.3593,False
2023,56,Belgium,579,Norway,983478.165,95641.39,10.283,False
2023,528,Netherlands,196,Cyprus,977572.797,83316.0,11.7333,False
2023,842,USA,36,Australia,889600.0,605658.0,1.4688,False
2023,710,South Africa,480,Mauritius,887894.428,102524.58,8.6603,False
2023,842,USA,44,Bahamas,887536.0,118891.0,7.4651,False
2023,528,Netherlands,470,Malta,882517.391,85696.0,10.2982,False
2023,124,Canada,410,Rep. of Korea,879865.466,187106.0,4.7025,False
2023,724,Spain,458,Malaysia,874449.613,79818.6,10.9555,False
2023,504,Morocco,440,Lithuania,868802.4,115433.5,7.5264,False
2023,616,Poland,191,Croatia,864368.0,124752.0,6.9287,False
2023,604,Peru,591,Panama,836155.02,112772.1,7.4146,False
2023,56,Belgium,208,Denmark,826832.547,68838.91,12.0111,False
2023,528,Netherlands,442,Luxembourg,812267.369,84131.0,9.6548,False
2023,620,Portugal,752,Sweden,801797.445,113152.0,7.086,False
2023,842,USA,704,Viet Nam,797391.0,84582.0,9.4274,False
2023,276,Germany,428,Latvia,784375.417,84436.0,9.2896,False
2023,528,Netherlands,414,Kuwait,768105.115,65371.0,11.7499,False
2023,276,Germany,724,Spain,767867.105,96125.0,7.9882,False
2023,604,Peru,372,Ireland,751176.0,198000.0,3.7938,False
2023,344,"China, Hong Kong SAR",446,"China, Macao SAR",750092.363,71212.0,10.5332,False
2023,620,Portugal,826,United Kingdom,725892.388,90111.0,8.0555,False
2023,528,Netherlands,376,Israel,717200.069,42063.0,17.0506,False
2023,688,Serbia,682,Saudi Arabia,703007.0,80364.0,8.7478,False
2023,604,Peru,458,Malaysia,700578.37,111540.0,6.281,False
2023,604,Peru,616,Poland,685172.76,84005.2,8.1563,False
2023,842,USA,136,Cayman Isds,683908.0,43770.0,15.625,False
2023,56,Belgium,251,France,678433.791,87111.89,7.7881,False
2023,528,Netherlands,804,Ukraine,674792.714,62798.0,10.7454,False
2023,528,Netherlands,392,Japan,674711.619,65684.0,10.2721,False
2023,484,Mexico,344,"China, Hong Kong SAR",666430.0,58109.0,11.4686,False
2023,616,Poland,56,Belgium,643434.0,93947.0,6.8489,False
2023,152,Chile,380,Italy,619582.7,138269.28,4.481,False
2023,484,Mexico,124,Canada,611847.0,82540.0,7.4127,False
2023,724,Spain,688,Serbia,587188.709,70144.0,8.3712,False
2023,616,Poland,642,Romania,581092.0,141657.0,4.1021,False
2023,688,Serbia,757,Switzerland,579997.0,76320.0,7.5995,False
2023,724,Spain,300,Greece,555225.122,83185.7,6.6745,False
2023,604,Peru,56,Belgium,543755.93,79069.5,6.8769,False
2023,616,Poland,348,Hungary,543422.0,94645.0,5.7417,False
2023,620,Portugal,757,Switzerland,541466.887,74033.0,7.3139,False
2023,604,Peru,222,El Salvador,539694.23,70778.3,7.6251,False
2023,152,Chile,699,India,539291.61,102265.5,5.2734,False
2023,528,Netherlands,568,M49-568,530560.13,57728.0,9.1907,False
2023,528,Netherlands,682,Saudi Arabia,518252.05,42755.0,12.1214,False
2023,710,South Africa,380,Italy,517807.564,58446.0,8.8596,False
2023,842,USA,52,Barbados,472872.0,46384.0,10.1947,False
2023,620,Portugal,380,Italy,470694.612,63154.0,7.4531,False
2023,504,Morocco,414,Kuwait,463635.451,74215.12,6.2472,False
2023,152,Chile,251,France,460616.91,89375.0,5.1538,False
2023,528,Netherlands,498,Rep. of Moldova,434990.041,41228.0,10.5508,False
2023,842,USA,702,Singapore,431658.0,61464.0,7.0229,False
2023,688,Serbia,56,Belgium,428677.0,63420.0,6.7593,False
2023,724,Spain,442,Luxembourg,428274.66,41326.9,10.3631,False
2023,152,Chile,858,Uruguay,427437.98,74520.0,5.7359,False
2023,504,Morocco,203,Czechia,425020.882,67620.0,6.2854,False
2023,842,USA,780,Trinidad and Tobago,416384.0,60989.0,6.8272,False
2023,710,South Africa,48,Bahrain,395289.078,57105.1,6.9221,False
2023,616,Poland,784,United Arab Emirates,388059.0,55814.0,6.9527,False
2023,124,Canada,392,Japan,384644.547,82060.0,4.6874,False
2023,620,Portugal,233,Estonia,382130.062,59400.0,6.4332,False
2023,504,Morocco,842,USA,363571.789,65607.4,5.5416,False
2023,724,Spain,360,Indonesia,357025.956,29010.75,12.3067,False
2023,152,Chile,764,Thailand,355049.79,63540.0,5.5878,False
2023,842,USA,792,Türkiye,353100.0,88720.0,3.9799,False
2023,688,Serbia,348,Hungary,342812.0,96388.0,3.5566,False
2023,688,Serbia,191,Croatia,327614.0,68018.0,4.8166,False
2023,528,Netherlands,702,Singapore,322555.405,24706.0,13.0558,False
2023,504,Morocco,764,Thailand,321691.313,31308.8,10.2748,False
2023,724,Spain,76,Brazil,303576.643,40022.0,7.5852,False
2023,688,Serbia,203,Czechia,297263.0,45514.0,6.5312,False
2023,604,Peru,858,Uruguay,293881.48,46230.55,6.3569,False
2023,616,Poland,246,Finland,285511.0,50011.0,5.709,False
2023,124,Canada,251,France,283936.251,114920.0,2.4707,False
2023,528,Netherlands,31,Azerbaijan,274607.629,22786.0,12.0516,False
2023,56,Belgium,233,Estonia,274113.569,26710.68,10.2623,False
2023,604,Peru,320,Guatemala,272456.27,32363.75,8.4186,False
2023,504,Morocco,400,Jordan,272374.566,31728.0,8.5847,False
2023,710,South Africa,512,Oman,271277.169,31525.19,8.6051,False
2023,842,USA,682,Saudi Arabia,267997.0,28828.0,9.2964,False
2023,724,Spain,784,United Arab Emirates,260148.083,21853.02,11.9044,False
2023,152,Chile,208,Denmark,255453.94,78218.0,3.2659,False
2023,620,Portugal,784,United Arab Emirates,251610.127,32457.0,7.7521,False
2023,710,South Africa,400,Jordan,247788.645,28155.0,8.8009,False
2023,152,Chile,372,Ireland,247375.83,55195.7,4.4818,False
2023,842,USA,344,"China, Hong Kong SAR",245506.0,19436.0,12.6315,False
2023,56,Belgium,752,Sweden,242258.371,27365.96,8.8525,False
2023,688,Serbia,40,Austria,238986.0,38834.0,6.154,False
2023,504,Morocco,360,Indonesia,235464.807,15690.0,15.0073,False
2023,528,Netherlands,566,Nigeria,208318.294,20695.0,10.0661,False
2023,710,South Africa,116,Cambodia,199522.292,23454.55,8.5068,False
2023,152,Chile,643,Russian Federation,198472.79,31963.8,6.2093,False
2023,276,Germany,372,Ireland,195498.275,26499.0,7.3776,False
2023,604,Peru,414,Kuwait,193917.95,31824.0,6.0934,False
2023,124,Canada,191,Croatia,190223.984,120020.0,1.5849,False
2023,528,Netherlands,112,Belarus,189970.246,19291.0,9.8476,False
2023,152,Chile,458,Malaysia,186221.08,36900.0,5.0466,False
2023,842,USA,276,Germany,182892.0,52256.0,3.4999,False
2023,528,Netherlands,512,Oman,182740.884,18878.0,9.6801,False
2023,604,Peru,380,Italy,181647.74,23040.0,7.884,False
2023,724,Spain,634,Qatar,178676.612,13541.0,13.1952,False
2023,504,Morocco,48,Bahrain,175159.976,27509.0,6.3674,False
2023,276,Germany,620,Portugal,174069.415,38641.0,4.5048,False
2023,251,France,804,Ukraine,172926.775,13501.0,12.8084,False
2023,604,Peru,251,France,172397.62,22720.33,7.5878,False
2023,152,Chile,620,Portugal,171866.75,43056.0,3.9917,False
2023,528,Netherlands,51,Armenia,166836.504,14426.0,11.565,False
2023,620,Portugal,372,Ireland,165781.186,14473.0,11.4545,False
2023,56,Belgium,757,Switzerland,155340.37,13680.0,11.3553,False
2023,688,Serbia,579,Norway,154222.0,17393.0,8.8669,False
2023,710,South Africa,764,Thailand,151893.545,36410.1,4.1717,False
2023,56,Belgium,372,Ireland,148095.836,17755.52,8.3408,False
2023,688,Serbia,642,Romania,146402.0,32677.0,4.4803,False
2023,710,South Africa,643,Russian Federation,142237.521,15540.5,9.1527,False
2023,620,Portugal,442,Luxembourg,141847.305,37149.0,3.8183,False
2023,616,Poland,643,Russian Federation,141059.0,18878.0,7.4721,False
2023,620,Portugal,682,Saudi Arabia,136953.483,18480.0,7.4109,False
2023,484,Mexico,826,United Kingdom,136285.0,23941.0,5.6925,False
2023,688,Serbia,380,Italy,135068.0,25172.0,5.3658,False
2023,528,Netherlands,398,Kazakhstan,134088.122,12268.0,10.9299,False
2023,842,USA,414,Kuwait,132749.0,11574.0,11.4696,False
2023,710,South Africa,516,Namibia,131204.009,45952.17,2.8552,False
2023,710,South Africa,72,Botswana,126084.781,40112.25,3.1433,False
2023,842,USA,214,Dominican Rep.,125670.0,10916.0,11.5125,False
2023,56,Belgium,352,Iceland,123869.112,11341.25,10.922,False
2023,504,Morocco,380,Italy,121811.371,22944.0,5.3091,False
2023,528,Netherlands,533,Aruba,121583.25,10942.0,11.1116,False
2023,842,USA,76,Brazil,121128.0,17657.0,6.8601,False
2023,842,USA,608,Philippines,118322.0,15086.0,7.8432,False
2023,842,USA,533,Aruba,115187.0,9154.0,12.5832,False
2023,710,South Africa,608,Philippines,113874.916,19117.0,5.9567,False
2023,528,Netherlands,705,Slovenia,111835.613,12907.21,8.6646,False
2023,251,France,40,Austria,109545.15,11534.0,9.4976,False
2023,616,Poland,498,Rep. of Moldova,109156.0,10932.0,9.985,False
2023,276,Germany,784,United Arab Emirates,104178.668,14013.0,7.4344,False
2023,842,USA,388,Jamaica,102969.0,8089.0,12.7295,False
2023,251,France,703,Slovakia,101157.432,12336.0,8.2002,False
2023,724,Spain,470,Malta,100707.467,11729.5,8.5858,False
2023,276,Germany,348,Hungary,100411.663,8581.0,11.7016,False
2023,152,Chile,170,Colombia,99225.0,15525.0,6.3913,False
2023,842,USA,528,Netherlands,98692.0,35680.0,2.766,False
2023,484,Mexico,682,Saudi Arabia,98149.0,7269.0,13.5024,False
2023,724,Spain,699,India,96016.653,7200.0,13.3356,False
2023,276,Germany,251,France,94951.414,12013.0,7.9041,False
2023,688,Serbia,208,Denmark,94477.0,15323.0,6.1657,False
2023,528,Netherlands,344,"China, Hong Kong SAR",94183.903,9583.0,9.8282,False
2023,56,Belgium,616,Poland,93532.611,11929.79,7.8403,False
2023,616,Poland,251,France,92994.0,14709.0,6.3223,False
2023,528,Netherlands,462,Maldives,92630.12,9199.0,10.0696,False
2023,724,Spain,682,Saudi Arabia,92101.001,11752.5,7.8367,False
2023,276,Germany,442,Luxembourg,92098.085,7920.0,11.6285,False
2023,124,Canada,699,India,90895.781,10554.0,8.6124,False
2023,620,Portugal,642,Romania,86914.534,7257.0,11.9766,False
2023,724,Spain,292,Gibraltar,85743.326,7587.16,11.3011,False
2023,528,Netherlands,400,Jordan,85451.578,8845.0,9.661,False
2023,152,Chile,591,Panama,83345.72,8662.32,9.6216,False
2023,688,Serbia,498,Rep. of Moldova,82411.0,17143.0,4.8073,False
2023,688,Serbia,233,Estonia,80933.0,18150.0,4.4591,False
2023,710,South Africa,616,Poland,80422.35,11132.0,7.2244,False
2023,620,Portugal,246,Finland,79698.147,9638.0,8.2692,False
2023,528,Netherlands,48,Bahrain,78076.245,7943.0,9.8296,False
2023,152,Chile,554,New Zealand,76474.74,27646.44,2.7662,False
2023,604,Peru,40,Austria,74853.8,12297.6,6.0869,False
2023,688,Serbia,428,Latvia,74756.0,10140.0,7.3724,False
2023,710,South Africa,818,Egypt,74395.438,6795.0,10.9486,False
2023,124,Canada,490,"Other Asia, nes",72649.361,11748.0,6.184,False
2023,152,Chile,188,Costa Rica,71879.99,6913.86,10.3965,False
2023,842,USA,352,Iceland,71029.0,9071.0,7.8303,False
2023,616,Poland,300,Greece,69588.0,7140.0,9.7462,False
2023,276,Germany,440,Lithuania,67396.129,7601.0,8.8667,False
2023,504,Morocco,757,Switzerland,66691.396,10059.0,6.63,False
2023,504,Morocco,512,Oman,66687.972,10099.5,6.6031,False
2023,842,USA,360,Indonesia,65662.0,6860.0,9.5717,False
2023,484,Mexico,634,Qatar,64128.0,5289.0,12.1248,False
2023,251,France,752,Sweden,63718.53,22770.0,2.7984,False
2023,56,Belgium,498,Rep. of Moldova,62736.165,5715.0,10.9775,False
2023,688,Serbia,499,Montenegro,62529.0,16324.0,3.8305,False
2023,724,Spain,352,Iceland,61562.299,5400.0,11.4004,False
2023,724,Spain,504,Morocco,61112.524,4853.0,12.5927,False
2023,724,Spain,764,Thailand,57973.601,4660.5,12.4394,False
2023,616,Poland,702,Singapore,57057.0,8739.0,6.529,False
2023,710,South Africa,748,Eswatini,56985.045,6844.51,8.3257,False
2023,124,Canada,376,Israel,53886.609,21773.0,2.4749,False
2023,504,Morocco,566,Nigeria,51312.812,9900.0,5.1831,False
2023,842,USA,372,Ireland,47824.0,16019.0,2.9855,False
2023,710,South Africa,566,Nigeria,46470.821,8813.0,5.273,False
2023,620,Portugal,24,Angola,44129.816,2879.0,15.3282,False
2023,152,Chile,214,Dominican Rep.,43240.53,3794.22,11.3964,False
2023,484,Mexico,528,Netherlands,42703.0,4599.0,9.2853,False
2023,842,USA,376,Israel,42000.0,9072.0,4.6296,False
2023,710,South Africa,894,Zambia,41603.243,27813.72,1.4958,False
2023,528,Netherlands,422,Lebanon,40658.944,3921.0,10.3695,False
2023,620,Portugal,703,Slovakia,39940.982,3375.0,11.8344,False
2023,528,Netherlands,368,Iraq,39853.399,3912.0,10.1875,False
2023,604,Peru,484,Mexico,39748.4,18696.0,2.126,False
2023,124,Canada,616,Poland,39238.952,21432.0,1.8309,False
2023,124,Canada,784,United Arab Emirates,39157.465,7869.0,4.9762,False
2023,152,Chile,360,Indonesia,37446.95,6120.0,6.1188,False
2023,616,Poland,682,Saudi Arabia,36649.0,5883.0,6.2296,False
2023,710,South Africa,462,Maldives,36035.295,4634.5,7.7754,False
2023,710,South Africa,426,Lesotho,34095.646,4894.05,6.9668,False
2023,124,Canada,156,China,33804.51,7155.0,4.7246,False
2023,604,Peru,620,Portugal,32044.56,4327.2,7.4054,False
2023,710,South Africa,690,Seychelles,31967.707,4462.26,7.164,False
2023,124,Canada,372,Ireland,31212.483,5536.0,5.6381,False
2023,56,Belgium,380,Italy,31010.19,2326.74,13.3277,False
2023,124,Canada,702,Singapore,30846.532,6628.0,4.654,False
2023,842,USA,92,Br. Virgin Isds,30545.0,2972.0,10.2776,False
2023,251,France,579,Norway,28832.032,3656.0,7.8862,False
2023,251,France,642,Romania,28751.35,3156.0,9.1101,False
2023,251,France,440,Lithuania,28480.954,3760.0,7.5747,False
2023,842,USA,116,Cambodia,28438.0,3146.0,9.0394,False
2023,251,France,258,French Polynesia,26394.11,4550.0,5.8009,False
2023,724,Spain,480,Mauritius,24939.461,2509.5,9.938,False
2023,724,Spain,498,Rep. of Moldova,24865.069,2235.5,11.1228,False
2023,620,Portugal,191,Croatia,24323.138,3549.0,6.8535,False
2023,710,South Africa,508,Mozambique,23838.926,11740.31,2.0305,False
2023,484,Mexico,84,Belize,23454.0,3467.0,6.7649,False
2023,276,Germany,837,M49-837,22816.818,2226.0,10.2501,False
2023,616,Poland,414,Kuwait,22689.0,3555.0,6.3823,False
2023,56,Belgium,703,Slovakia,22639.273,2819.95,8.0283,False
2023,620,Portugal,208,Denmark,22379.017,3153.0,7.0977,False
2023,604,Peru,804,Ukraine,22299.79,1800.0,12.3888,False
2023,842,USA,458,Malaysia,22224.0,3526.0,6.3029,False
2023,124,Canada,360,Indonesia,20565.095,4049.0,5.0791,False
2023,710,South Africa,24,Angola,19385.706,2906.3,6.6702,False
2023,710,South Africa,124,Canada,18852.813,1697.0,11.1095,False
2023,251,France,652,Saint Barthélemy,18713.999,1372.0,13.6399,False
2023,688,Serbia,807,North Macedonia,18635.0,8564.0,2.176,False
2023,688,Serbia,703,Slovakia,18088.0,2354.0,7.6839,False
2023,56,Belgium,642,Romania,17809.777,1458.42,12.2117,False
2023,528,Netherlands,818,Egypt,17772.812,1761.0,10.0925,False
2023,251,France,348,Hungary,17601.888,1320.0,13.3348,False
2023,604,Peru,48,Bahrain,17512.5,1440.0,12.1615,False
2023,710,South Africa,31,Azerbaijan,16978.42,1530.0,11.097,False
2023,710,South Africa,360,Indonesia,16477.831,2465.0,6.6847,False
2023,604,Peru,410,Rep. of Korea,16110.8,1690.0,9.533,False
2023,504,Morocco,398,Kazakhstan,15338.906,1260.0,12.1737,False
2023,620,Portugal,440,Lithuania,14702.009,2417.0,6.0828,False
2023,604,Peru,116,Cambodia,14446.6,2250.0,6.4207,False
2023,842,USA,246,Finland,13860.0,1726.0,8.0301,False
2023,528,Netherlands,288,Ghana,13832.669,1222.0,11.3197,False
2023,842,USA,616,Poland,13588.0,20696.0,0.6566,False
2023,724,Spain,818,Egypt,13541.7,1620.0,8.3591,False
2023,604,Peru,757,Switzerland,13514.0,1787.04,7.5622,False
2023,604,Peru,462,Maldives,13218.83,1482.0,8.9196,False
2023,251,France,498,Rep. of Moldova,12896.131,1320.0,9.7698,False
2023,616,Poland,860,Uzbekistan,12716.0,1845.0,6.8921,False
2023,842,USA,320,Guatemala,12600.0,3266.0,3.8579,False
2023,528,Netherlands,458,Malaysia,12383.77,1200.0,10.3198,False
2023,616,Poland,705,Slovenia,11963.0,3154.0,3.793,False
2023,710,South Africa,800,Uganda,11642.068,5022.0,2.3182,False
2023,724,Spain,400,Jordan,11481.408,1347.0,8.5237,False
2023,616,Poland,400,Jordan,11354.0,1350.0,8.4104,False
2023,724,Spain,804,Ukraine,10434.242,1192.0,8.7536,False
2023,616,Poland,344,"China, Hong Kong SAR",9841.0,2071.0,4.7518,False
2023,276,Germany,56,Belgium,9363.542,1043.0,8.9775,False
2023,842,USA,531,Curaçao,9274.0,2334.0,3.9734,False
2023,842,USA,764,Thailand,8700.0,1780.0,4.8876,False
2023,616,Poland,48,Bahrain,8500.0,1008.0,8.4325,False
2023,616,Poland,398,Kazakhstan,8015.0,4814.0,1.6649,False
2023,710,South Africa,404,Kenya,7533.45,6712.88,1.1222,False
2023,616,Poland,496,Mongolia,7490.0,2000.0,3.745,False
2023,604,Peru,50,Bangladesh,7409.2,1440.0,5.1453,False
2023,604,Peru,634,Qatar,7243.09,2113.5,3.4271,False
2023,251,France,620,Portugal,7177.48,1107.0,6.4837,False
2023,842,USA,188,Costa Rica,7129.0,1390.0,5.1288,False
2023,688,Serbia,705,Slovenia,6476.0,1666.0,3.8872,False
2023,616,Poland,688,Serbia,6214.0,1000.0,6.214,False
2023,124,Canada,764,Thailand,5752.982,1249.0,4.6061,False
2023,710,South Africa,454,Malawi,5677.377,8168.86,0.695,False
2023,842,USA,222,El Salvador,4320.0,1089.0,3.9669,False
2023,842,USA,260,M49-260,3879.0,1222.0,3.1743,False
2023,710,South Africa,422,Lebanon,3540.82,1661.87,2.1306,False
