year,month,exporter_code,exporter,importer_code,importer,value_usd,net_kg,unit_usd_kg
2024,1,604,Peru,842,USA,127724962.291,17526530.16,7.2875
2024,1,152,Chile,842,USA,88783776.923,15847527.588,5.6024
2024,1,152,Chile,528,Netherlands,47102209.535,10835012.94,4.3472
2024,1,604,Peru,528,Netherlands,38840296.964,6071829.0,6.3968
2024,1,484,Mexico,842,USA,21245222.0,3611811.0,5.8822
2024,1,152,Chile,276,Germany,15674909.87,3414658.15,4.5905
2024,1,152,Chile,826,United Kingdom,15663963.58,2806054.13,5.5822
2024,1,152,Chile,156,China,13884110.88,2327923.0,5.9642
2024,1,604,Peru,826,United Kingdom,12280105.692,1792214.0,6.8519
2024,1,152,Chile,410,Rep. of Korea,10515316.45,1313111.35,8.0079
2024,1,604,Peru,344,"China, Hong Kong SAR",8032846.49,1028775.0,7.8082
2024,1,604,Peru,156,China,7764464.52,1128870.0,6.8781
2024,1,504,Morocco,724,Spain,7082493.23,1017295.8,6.9621
2024,1,504,Morocco,528,Netherlands,4557830.697,556119.0,8.1958
2024,1,504,Morocco,826,United Kingdom,4231380.413,609646.0,6.9407
2024,1,724,Spain,528,Netherlands,3367168.554,360279.97,9.346
2024,1,152,Chile,124,Canada,3082492.88,501580.96,6.1456
2024,1,504,Morocco,344,"China, Hong Kong SAR",2302323.288,128605.0,17.9023
2024,1,724,Spain,276,Germany,2260852.498,224209.54,10.0837
2024,1,724,Spain,380,Italy,1782490.144,204928.13,8.6981
2024,1,152,Chile,56,Belgium,1709297.21,375383.73,4.5535
2024,1,152,Chile,724,Spain,1627122.73,325940.48,4.9921
2024,1,604,Peru,724,Spain,1443776.56,212977.0,6.779
2024,1,504,Morocco,251,France,1291313.718,136841.0,9.4366
2024,1,604,Peru,490,"Other Asia, nes",1107872.17,131940.0,8.3968
2024,1,152,Chile,490,"Other Asia, nes",1104960.58,136548.0,8.0921
2024,1,724,Spain,251,France,1046225.647,131958.859,7.9284
2024,1,504,Morocco,579,Norway,1031012.585,132941.0,7.7554
2024,1,152,Chile,392,Japan,986653.98,104205.4,9.4684
2024,1,484,Mexico,392,Japan,971731.0,72239.0,13.4516
2024,1,152,Chile,376,Israel,909291.17,113587.4,8.0052
2024,1,504,Morocco,124,Canada,875300.095,139005.0,6.2969
2024,1,504,Morocco,643,Russian Federation,838220.962,76502.6,10.9568
2024,1,724,Spain,826,United Kingdom,822013.853,77461.4,10.6119
2024,1,152,Chile,372,Ireland,817442.25,150342.8,5.4372
2024,1,152,Chile,702,Singapore,699386.52,98055.0,7.1326
2024,1,504,Morocco,458,Malaysia,686586.446,40877.0,16.7964
2024,1,604,Peru,124,Canada,670856.536,86734.6,7.7346
2024,1,504,Morocco,784,United Arab Emirates,617813.558,69117.6,8.9386
2024,1,724,Spain,620,Portugal,612332.455,59626.54,10.2695
2024,1,152,Chile,76,Brazil,581059.0,86361.0,6.7283
2024,1,504,Morocco,702,Singapore,576169.565,44589.9,12.9215
2024,1,710,South Africa,826,United Kingdom,538567.936,120870.5,4.4557
2024,1,724,Spain,348,Hungary,494586.568,48607.0,10.1752
2024,1,724,Spain,757,Switzerland,484936.362,37604.0,12.8959
2024,1,152,Chile,380,Italy,467151.15,81337.5,5.7434
2024,1,604,Peru,764,Thailand,426645.62,48348.0,8.8245
2024,1,152,Chile,32,Argentina,400975.8,73350.0,5.4666
2024,1,724,Spain,705,Slovenia,363407.931,33450.0,10.8642
2024,1,710,South Africa,528,Netherlands,349260.954,48280.6,7.234
2024,1,152,Chile,682,Saudi Arabia,304652.39,39016.8,7.8082
2024,1,604,Peru,702,Singapore,262566.41,29757.0,8.8237
2024,1,724,Spain,372,Ireland,261916.227,28433.4,9.2116
2024,1,724,Spain,56,Belgium,234119.231,20998.63,11.1493
2024,1,604,Peru,376,Israel,229470.46,25200.0,9.106
2024,1,604,Peru,784,United Arab Emirates,220636.31,26795.6,8.234
2024,1,724,Spain,616,Poland,214575.929,48894.54,4.3885
2024,1,152,Chile,699,India,209670.42,33781.44,6.2067
2024,1,152,Chile,251,France,207996.61,53123.0,3.9154
2024,1,710,South Africa,702,Singapore,207793.877,32400.0,6.4134
2024,1,152,Chile,620,Portugal,206668.8,68889.6,3.0
2024,1,152,Chile,858,Uruguay,202358.25,30387.0,6.6594
2024,1,604,Peru,458,Malaysia,195372.96,28687.5,6.8104
2024,1,604,Peru,188,Costa Rica,188349.672,20478.8,9.1973
2024,1,724,Spain,208,Denmark,186828.594,13618.87,13.7184
2024,1,152,Chile,458,Malaysia,178129.63,25920.0,6.8723
2024,1,724,Spain,703,Slovakia,156080.483,11474.0,13.603
2024,1,604,Peru,170,Colombia,154123.52,32304.0,4.771
2024,1,504,Morocco,360,Indonesia,152527.419,8373.6,18.2153
2024,1,710,South Africa,344,"China, Hong Kong SAR",132334.315,18163.0,7.2859
2024,1,152,Chile,784,United Arab Emirates,126497.88,12960.0,9.7606
2024,1,724,Spain,191,Croatia,118373.51,9650.0,12.2667
2024,1,724,Spain,752,Sweden,116336.954,10456.0,11.1263
2024,1,604,Peru,76,Brazil,115833.08,18180.0,6.3715
2024,1,152,Chile,643,Russian Federation,115687.0,12285.0,9.4169
2024,1,724,Spain,203,Czechia,107435.887,9741.0,11.0292
2024,1,504,Morocco,634,Qatar,104439.515,11510.5,9.0734
2024,1,604,Peru,643,Russian Federation,102541.92,11700.0,8.7643
2024,1,604,Peru,699,India,95108.83,13410.0,7.0924
2024,1,504,Morocco,414,Kuwait,94330.593,11549.7,8.1674
2024,1,604,Peru,222,El Salvador,92774.32,9792.0,9.4745
2024,1,724,Spain,40,Austria,91558.434,8870.75,10.3214
2024,1,724,Spain,442,Luxembourg,84778.383,6713.7,12.6277
2024,1,604,Peru,591,Panama,82386.596,9140.97,9.0129
2024,1,724,Spain,100,Bulgaria,81234.225,36987.0,2.1963
2024,1,504,Morocco,699,India,77903.607,3840.0,20.2874
2024,1,504,Morocco,276,Germany,66284.74,6240.4,10.6219
2024,1,604,Peru,616,Poland,66138.0,14458.5,4.5743
2024,1,152,Chile,344,"China, Hong Kong SAR",63425.52,11250.0,5.6378
2024,1,504,Morocco,764,Thailand,61387.482,3937.5,15.5905
2024,1,504,Morocco,682,Saudi Arabia,59764.097,6899.16,8.6625
2024,1,710,South Africa,458,Malaysia,58885.991,10062.0,5.8523
2024,1,710,South Africa,724,Spain,58111.615,6439.2,9.0247
2024,1,504,Morocco,56,Belgium,57744.101,7034.2,8.2091
2024,1,152,Chile,214,Dominican Rep.,56437.7,5126.5,11.009
2024,1,724,Spain,352,Iceland,55770.405,5062.5,11.0164
2024,1,710,South Africa,784,United Arab Emirates,50908.726,8381.0,6.0743
2024,1,604,Peru,320,Guatemala,49183.31,5950.08,8.266
2024,1,504,Morocco,400,Jordan,46444.952,5085.0,9.1337
2024,1,504,Morocco,757,Switzerland,41149.773,14367.0,2.8642
2024,1,710,South Africa,251,France,32221.692,3240.0,9.945
2024,1,724,Spain,300,Greece,23626.25,1844.0,12.8125
2024,1,504,Morocco,620,Portugal,23042.289,2016.0,11.4297
2024,1,710,South Africa,276,Germany,21295.392,3373.0,6.3135
2024,1,604,Peru,682,Saudi Arabia,20658.3,2350.08,8.7905
2024,1,604,Peru,276,Germany,18688.62,6958.0,2.6859
2024,1,504,Morocco,616,Poland,17107.779,2016.0,8.486
2024,1,724,Spain,292,Gibraltar,15102.698,1136.8,13.2853
2024,1,710,South Africa,400,Jordan,15072.34,2334.0,6.4577
2024,1,710,South Africa,516,Namibia,14294.026,2673.33,5.3469
2024,1,504,Morocco,48,Bahrain,14293.557,2313.0,6.1797
2024,1,724,Spain,360,Indonesia,13521.54,1080.0,12.5199
2024,1,152,Chile,591,Panama,11325.6,1170.0,9.68
2024,1,604,Peru,858,Uruguay,9731.52,1440.0,6.758
2024,1,710,South Africa,72,Botswana,7020.842,1248.52,5.6233
2024,1,710,South Africa,894,Zambia,5323.728,4148.11,1.2834
2024,2,152,Chile,842,USA,78586195.275,15381154.604,5.1093
2024,2,604,Peru,842,USA,64808476.612,9470476.0,6.8432
2024,2,484,Mexico,842,USA,37766660.0,6536748.0,5.7776
2024,2,152,Chile,528,Netherlands,19855528.153,5224544.39,3.8004
2024,2,152,Chile,826,United Kingdom,15832725.44,2626946.06,6.027
2024,2,604,Peru,528,Netherlands,14741281.962,2297865.4,6.4152
2024,2,504,Morocco,724,Spain,13381793.113,2244692.4,5.9615
2024,2,152,Chile,276,Germany,13048117.43,3281086.41,3.9768
2024,2,504,Morocco,528,Netherlands,11966567.873,1496440.0,7.9967
2024,2,724,Spain,276,Germany,10767424.461,1150346.381,9.3602
2024,2,504,Morocco,826,United Kingdom,10677833.918,1560397.0,6.843
2024,2,152,Chile,410,Rep. of Korea,9889160.76,1214883.0,8.14
2024,2,152,Chile,156,China,9414658.86,1661936.6,5.6649
2024,2,724,Spain,528,Netherlands,7938340.398,829104.3,9.5746
2024,2,604,Peru,826,United Kingdom,6673887.26,945972.0,7.0551
2024,2,604,Peru,344,"China, Hong Kong SAR",4588015.33,601617.0,7.6261
2024,2,724,Spain,380,Italy,3523232.179,479809.5,7.343
2024,2,504,Morocco,251,France,2931131.016,365961.0,8.0094
2024,2,604,Peru,156,China,2792334.08,403011.0,6.9287
2024,2,724,Spain,757,Switzerland,2354411.085,212631.0,11.0728
2024,2,504,Morocco,344,"China, Hong Kong SAR",2233467.341,138879.0,16.0821
2024,2,724,Spain,251,France,2146565.966,268520.63,7.994
2024,2,152,Chile,56,Belgium,2079340.39,461536.8,4.5053
2024,2,724,Spain,616,Poland,1991499.033,268644.9,7.4131
2024,2,504,Morocco,784,United Arab Emirates,1799324.861,233918.0,7.6921
2024,2,504,Morocco,643,Russian Federation,1595646.674,136900.0,11.6556
2024,2,484,Mexico,392,Japan,1549133.0,140078.0,11.0591
2024,2,152,Chile,124,Canada,1536485.16,311233.99,4.9368
2024,2,152,Chile,724,Spain,1533071.9,309058.8,4.9605
2024,2,724,Spain,826,United Kingdom,1502680.306,151372.8,9.927
2024,2,504,Morocco,124,Canada,1465883.198,247814.0,5.9153
2024,2,604,Peru,490,"Other Asia, nes",1451072.11,188010.0,7.7181
2024,2,152,Chile,490,"Other Asia, nes",1346451.29,145251.0,9.2698
2024,2,504,Morocco,579,Norway,1141035.048,162816.0,7.0081
2024,2,724,Spain,376,Israel,989623.214,55867.5,17.7138
2024,2,724,Spain,56,Belgium,879011.699,82339.7,10.6754
2024,2,724,Spain,348,Hungary,859226.197,78066.0,11.0064
2024,2,504,Morocco,682,Saudi Arabia,848798.299,100466.0,8.4486
2024,2,504,Morocco,276,Germany,840674.451,93745.9,8.9676
2024,2,152,Chile,372,Ireland,789778.59,128191.0,6.161
2024,2,724,Spain,620,Portugal,671565.456,94370.98,7.1162
2024,2,152,Chile,392,Japan,658855.87,69029.71,9.5445
2024,2,604,Peru,764,Thailand,648555.02,69567.0,9.3227
2024,2,504,Morocco,56,Belgium,645708.132,70748.6,9.1268
2024,2,152,Chile,702,Singapore,632695.05,90228.0,7.0122
2024,2,604,Peru,76,Brazil,617971.66,94170.0,6.5623
2024,2,152,Chile,32,Argentina,608774.45,95073.0,6.4032
2024,2,152,Chile,376,Israel,551907.79,66600.0,8.2869
2024,2,724,Spain,705,Slovenia,543175.964,53377.0,10.1762
2024,2,724,Spain,372,Ireland,539369.985,52625.0,10.2493
2024,2,724,Spain,752,Sweden,497535.88,46593.0,10.6783
2024,2,152,Chile,76,Brazil,484673.0,81450.0,5.9506
2024,2,724,Spain,703,Slovakia,470588.538,42934.0,10.9607
2024,2,504,Morocco,702,Singapore,418972.157,40423.0,10.3647
2024,2,152,Chile,344,"China, Hong Kong SAR",414581.23,69300.0,5.9824
2024,2,504,Morocco,458,Malaysia,412130.153,28009.5,14.7139
2024,2,604,Peru,124,Canada,378945.404,50040.0,7.5728
2024,2,604,Peru,376,Israel,368344.82,28800.0,12.7898
2024,2,724,Spain,642,Romania,367517.919,46027.5,7.9847
2024,2,604,Peru,724,Spain,356946.851,58327.2,6.1197
2024,2,504,Morocco,616,Poland,347718.391,36298.0,9.5795
2024,2,724,Spain,191,Croatia,334929.659,34817.0,9.6197
2024,2,724,Spain,246,Finland,313682.045,38633.0,8.1195
2024,2,604,Peru,170,Colombia,305795.27,51567.4,5.93
2024,2,152,Chile,643,Russian Federation,301050.13,37479.74,8.0323
2024,2,724,Spain,40,Austria,283398.069,31187.5,9.0869
2024,2,604,Peru,702,Singapore,245799.73,30742.5,7.9954
2024,2,724,Spain,203,Czechia,243938.93,27464.0,8.8821
2024,2,504,Morocco,634,Qatar,225367.379,21740.0,10.3665
2024,2,504,Morocco,414,Kuwait,190554.613,24824.0,7.6762
2024,2,604,Peru,188,Costa Rica,176552.38,19550.1,9.0308
2024,2,504,Morocco,428,Latvia,173550.986,15990.0,10.8537
2024,2,724,Spain,208,Denmark,166997.1,23565.5,7.0865
2024,2,152,Chile,858,Uruguay,150067.5,22770.0,6.5906
2024,2,504,Morocco,699,India,121961.452,11186.2,10.9028
2024,2,724,Spain,100,Bulgaria,120981.651,72235.8,1.6748
2024,2,152,Chile,251,France,116018.19,27058.0,4.2878
2024,2,724,Spain,428,Latvia,114944.47,14659.0,7.8412
2024,2,504,Morocco,440,Lithuania,99156.047,18300.0,5.4184
2024,2,504,Morocco,757,Switzerland,98978.996,33756.0,2.9322
2024,2,604,Peru,222,El Salvador,96981.58,10444.8,9.2852
2024,2,504,Morocco,620,Portugal,81091.461,8679.0,9.3434
2024,2,152,Chile,458,Malaysia,75133.2,10080.0,7.4537
2024,2,724,Spain,233,Estonia,74821.942,4850.0,15.4272
2024,2,604,Peru,458,Malaysia,71416.28,10327.5,6.9152
2024,2,504,Morocco,48,Bahrain,68425.948,7521.3,9.0976
2024,2,724,Spain,442,Luxembourg,68116.093,5374.0,12.6751
2024,2,604,Peru,591,Panama,65613.76,7308.75,8.9774
2024,2,152,Chile,380,Italy,57833.7,14220.0,4.0671
2024,2,724,Spain,352,Iceland,51332.86,5062.5,10.1398
2024,2,604,Peru,699,India,50546.12,7920.0,6.3821
2024,2,504,Morocco,400,Jordan,48477.723,5557.5,8.7229
2024,2,604,Peru,784,United Arab Emirates,43995.7,6086.72,7.2281
2024,2,724,Spain,360,Indonesia,39359.028,3108.0,12.6638
2024,2,724,Spain,344,"China, Hong Kong SAR",39315.644,2038.5,19.2866
2024,2,152,Chile,214,Dominican Rep.,38688.0,3715.92,10.4114
2024,2,710,South Africa,344,"China, Hong Kong SAR",26667.829,3937.6,6.7726
2024,2,604,Peru,682,Saudi Arabia,26585.6,3133.44,8.4845
2024,2,724,Spain,300,Greece,26290.526,2563.0,10.2577
2024,2,604,Peru,320,Guatemala,26209.64,3058.56,8.5693
2024,2,152,Chile,699,India,24539.09,5040.0,4.8689
2024,2,152,Chile,591,Panama,24460.8,2925.0,8.3627
2024,2,484,Mexico,414,Kuwait,20851.0,1725.0,12.0875
2024,2,710,South Africa,764,Thailand,15441.92,3337.5,4.6268
2024,2,152,Chile,188,Costa Rica,14931.38,2520.0,5.9252
2024,2,504,Morocco,156,China,14492.598,3159.0,4.5877
2024,2,484,Mexico,634,Qatar,14375.0,1223.0,11.7539
2024,2,724,Spain,498,Rep. of Moldova,13043.491,1191.0,10.9517
2024,2,710,South Africa,480,Mauritius,12314.779,1660.0,7.4185
2024,2,710,South Africa,784,United Arab Emirates,11592.374,1316.0,8.8088
2024,2,152,Chile,170,Colombia,11512.8,2025.0,5.6853
2024,2,724,Spain,292,Gibraltar,11329.938,1431.64,7.914
2024,2,710,South Africa,516,Namibia,10624.711,2401.91,4.4234
2024,2,710,South Africa,702,Singapore,9933.464,2152.4,4.6151
2024,2,710,South Africa,72,Botswana,8647.334,1323.08,6.5358
2024,2,152,Chile,222,El Salvador,7325.4,1341.6,5.4602
2024,2,604,Peru,858,Uruguay,7259.29,1080.0,6.7216
2024,2,504,Morocco,566,Nigeria,7203.114,1575.0,4.5734
2024,2,504,Morocco,512,Oman,5089.778,1113.0,4.573
2024,2,710,South Africa,458,Malaysia,4863.945,1458.2,3.3356
2024,2,710,South Africa,894,Zambia,3583.763,2773.22,1.2923
2024,2,710,South Africa,454,Malawi,1160.079,1132.67,1.0242
2024,3,484,Mexico,842,USA,62437751.0,10885893.0,5.7357
2024,3,724,Spain,276,Germany,33240184.99,3668304.328,9.0615
2024,3,604,Peru,842,USA,31055624.49,4188010.0,7.4154
2024,3,504,Morocco,528,Netherlands,27453855.602,3675590.0,7.4692
2024,3,504,Morocco,724,Spain,26401203.938,4782097.0,5.5208
2024,3,504,Morocco,826,United Kingdom,23279282.7,3632662.0,6.4083
2024,3,152,Chile,842,USA,16782152.71,3073912.11,5.4595
2024,3,724,Spain,528,Netherlands,15271823.699,1886277.55,8.0963
2024,3,504,Morocco,276,Germany,8603989.334,1092170.0,7.8779
2024,3,504,Morocco,251,France,8138733.157,1040490.0,7.822
2024,3,724,Spain,616,Poland,6956329.099,832033.5,8.3606
2024,3,724,Spain,826,United Kingdom,6848949.055,713665.92,9.5969
2024,3,724,Spain,251,France,4994172.827,617272.29,8.0907
2024,3,724,Spain,757,Switzerland,4839666.742,441314.0,10.9665
2024,3,724,Spain,380,Italy,3989407.82,579966.0,6.8787
2024,3,504,Morocco,643,Russian Federation,3195233.923,379716.0,8.4148
2024,3,724,Spain,40,Austria,3110379.61,324921.0,9.5727
2024,3,504,Morocco,344,"China, Hong Kong SAR",3048978.908,209579.0,14.5481
2024,3,504,Morocco,616,Poland,3012860.928,345541.0,8.7193
2024,3,504,Morocco,579,Norway,1992914.904,290899.0,6.8509
2024,3,484,Mexico,392,Japan,1893544.0,163917.0,11.5518
2024,3,152,Chile,826,United Kingdom,1885579.75,348693.65,5.4076
2024,3,604,Peru,826,United Kingdom,1777544.87,267889.0,6.6354
2024,3,504,Morocco,56,Belgium,1739622.318,211199.0,8.2369
2024,3,152,Chile,410,Rep. of Korea,1690868.37,180851.89,9.3495
2024,3,604,Peru,528,Netherlands,1647551.039,287082.0,5.739
2024,3,724,Spain,642,Romania,1604016.458,190570.0,8.4169
2024,3,724,Spain,376,Israel,1569068.968,111673.5,14.0505
2024,3,504,Morocco,784,United Arab Emirates,1511287.145,205090.0,7.3689
2024,3,724,Spain,56,Belgium,1501759.819,164194.0,9.1463
2024,3,152,Chile,528,Netherlands,1499688.86,501371.47,2.9912
2024,3,724,Spain,348,Hungary,1493915.842,155194.5,9.6261
2024,3,724,Spain,203,Czechia,1481280.66,169622.0,8.7328
2024,3,152,Chile,156,China,1478582.95,292500.0,5.055
2024,3,724,Spain,372,Ireland,1251741.62,131435.0,9.5237
2024,3,504,Morocco,702,Singapore,1155714.829,97948.5,11.7992
2024,3,724,Spain,620,Portugal,1064561.792,132479.83,8.0357
2024,3,152,Chile,276,Germany,961321.77,293283.1,3.2778
2024,3,504,Morocco,124,Canada,953519.254,167542.0,5.6912
2024,3,724,Spain,703,Slovakia,833204.431,82139.5,10.1438
2024,3,724,Spain,191,Croatia,774226.323,95370.0,8.1181
2024,3,504,Morocco,682,Saudi Arabia,684487.927,99936.0,6.8493
2024,3,504,Morocco,842,USA,650537.78,96816.7,6.7193
2024,3,604,Peru,376,Israel,616328.78,68512.5,8.9959
2024,3,604,Peru,170,Colombia,575547.51,122892.5,4.6833
2024,3,724,Spain,440,Lithuania,545336.408,65391.0,8.3396
2024,3,152,Chile,76,Brazil,482001.0,72855.0,6.6159
2024,3,504,Morocco,458,Malaysia,479303.867,40063.5,11.9636
2024,3,604,Peru,76,Brazil,472375.45,88822.3,5.3182
2024,3,604,Peru,764,Thailand,446483.27,47954.8,9.3105
2024,3,504,Morocco,440,Lithuania,422410.248,59775.0,7.0667
2024,3,604,Peru,124,Canada,421765.37,65175.6,6.4712
2024,3,724,Spain,705,Slovenia,417978.815,49490.0,8.4457
2024,3,152,Chile,490,"Other Asia, nes",364521.65,44341.5,8.2208
2024,3,152,Chile,124,Canada,362405.56,68610.02,5.2821
2024,3,724,Spain,246,Finland,358970.298,44889.0,7.9968
2024,3,724,Spain,344,"China, Hong Kong SAR",330309.2,22100.0,14.9461
2024,3,152,Chile,376,Israel,318659.55,43200.0,7.3764
2024,3,504,Morocco,634,Qatar,304155.447,28589.4,10.6387
2024,3,724,Spain,752,Sweden,301841.844,33206.0,9.09
2024,3,604,Peru,344,"China, Hong Kong SAR",291615.0,31747.5,9.1854
2024,3,724,Spain,208,Denmark,276860.508,35986.2,7.6935
2024,3,152,Chile,392,Japan,253664.2,28627.2,8.861
2024,3,152,Chile,858,Uruguay,246136.0,36960.0,6.6595
2024,3,504,Morocco,380,Italy,234327.805,29717.0,7.8853
2024,3,724,Spain,100,Bulgaria,212370.607,29597.0,7.1754
2024,3,604,Peru,156,China,203120.8,23400.0,8.6804
2024,3,604,Peru,702,Singapore,174467.6,24888.0,7.0101
2024,3,724,Spain,688,Serbia,165126.452,16456.0,10.0344
2024,3,724,Spain,428,Latvia,162166.789,20445.5,7.9317
2024,3,504,Morocco,428,Latvia,156994.512,16128.0,9.7343
2024,3,152,Chile,56,Belgium,153775.64,31284.0,4.9155
2024,3,604,Peru,188,Costa Rica,150702.86,16698.7,9.0248
2024,3,604,Peru,784,United Arab Emirates,137067.839,19566.7,7.0052
2024,3,152,Chile,372,Ireland,134073.69,19040.0,7.0417
2024,3,504,Morocco,757,Switzerland,132061.417,46965.0,2.8119
2024,3,152,Chile,32,Argentina,129870.0,26000.0,4.995
2024,3,724,Spain,784,United Arab Emirates,113103.475,11962.5,9.4548
2024,3,152,Chile,702,Singapore,104852.53,12712.5,8.248
2024,3,710,South Africa,344,"China, Hong Kong SAR",104034.854,15856.3,6.5611
2024,3,724,Spain,458,Malaysia,95884.541,5910.0,16.2241
2024,3,604,Peru,591,Panama,94988.42,11145.7,8.5224
2024,3,724,Spain,233,Estonia,94068.982,12196.5,7.7128
2024,3,604,Peru,152,Chile,90090.0,12285.0,7.3333
2024,3,504,Morocco,414,Kuwait,81974.825,12216.5,6.7102
2024,3,504,Morocco,156,China,71064.954,5300.0,13.4085
2024,3,724,Spain,300,Greece,62307.11,6905.0,9.0235
2024,3,504,Morocco,620,Portugal,60466.203,7890.0,7.6637
2024,3,724,Spain,442,Luxembourg,58713.946,4727.0,12.421
2024,3,604,Peru,222,El Salvador,53257.84,5780.16,9.2139
2024,3,504,Morocco,764,Thailand,52933.341,3982.5,13.2915
2024,3,604,Peru,458,Malaysia,51878.93,8415.0,6.1651
2024,3,604,Peru,251,France,49725.0,5737.5,8.6667
2024,3,152,Chile,170,Colombia,45883.6,6364.8,7.209
2024,3,724,Spain,702,Singapore,45609.14,3708.0,12.3002
2024,3,504,Morocco,48,Bahrain,43341.15,5038.5,8.602
2024,3,710,South Africa,480,Mauritius,41337.426,4800.0,8.612
2024,3,152,Chile,724,Spain,41052.64,11700.0,3.5088
2024,3,724,Spain,352,Iceland,40716.085,4075.0,9.9917
2024,3,604,Peru,320,Guatemala,36712.36,4394.88,8.3534
2024,3,504,Morocco,699,India,33672.315,3075.0,10.9503
2024,3,152,Chile,214,Dominican Rep.,32641.95,2996.82,10.8922
2024,3,484,Mexico,414,Kuwait,26528.0,1867.0,14.2089
2024,3,604,Peru,724,Spain,25520.4,4048.67,6.3034
2024,3,724,Spain,360,Indonesia,23375.013,1606.5,14.5503
2024,3,710,South Africa,702,Singapore,22148.328,3125.36,7.0866
2024,3,710,South Africa,516,Namibia,19597.491,2376.91,8.2449
2024,3,724,Spain,764,Thailand,18118.434,1054.3,17.1853
2024,3,604,Peru,699,India,16439.43,2587.5,6.3534
2024,3,152,Chile,591,Panama,16025.1,1755.0,9.1311
2024,3,604,Peru,858,Uruguay,14352.09,2160.0,6.6445
2024,3,504,Morocco,566,Nigeria,12265.544,1350.0,9.0856
2024,3,710,South Africa,764,Thailand,9926.017,1687.5,5.8821
2024,3,724,Spain,292,Gibraltar,9839.319,1340.15,7.342
2024,3,724,Spain,498,Rep. of Moldova,9723.824,1125.0,8.6434
2024,3,710,South Africa,784,United Arab Emirates,9300.974,1329.0,6.9985
2024,3,710,South Africa,894,Zambia,8208.659,6791.61,1.2086
2024,3,152,Chile,764,Thailand,7581.0,1080.0,7.0194
2024,3,710,South Africa,458,Malaysia,7346.668,2187.4,3.3586
2024,3,504,Morocco,40,Austria,7325.482,1024.0,7.1538
2024,3,710,South Africa,826,United Kingdom,6915.221,1361.4,5.0795
2024,4,484,Mexico,842,USA,81109208.0,13140761.0,6.1723
2024,4,724,Spain,276,Germany,59298405.562,8766914.0,6.7639
2024,4,724,Spain,528,Netherlands,23191550.682,3793832.0,6.113
2024,4,724,Spain,616,Poland,15577302.344,2351268.6,6.6251
2024,4,724,Spain,826,United Kingdom,12242795.481,1750513.0,6.9938
2024,4,724,Spain,251,France,7664756.486,1178296.0,6.5049
2024,4,724,Spain,380,Italy,7338185.219,1170704.0,6.2682
2024,4,604,Peru,842,USA,6228829.82,915765.0,6.8018
2024,4,724,Spain,757,Switzerland,5266423.76,622694.0,8.4575
2024,4,724,Spain,40,Austria,4730357.112,651701.3,7.2585
2024,4,152,Chile,842,USA,3168863.09,445822.65,7.1079
2024,4,724,Spain,56,Belgium,2789801.792,361351.0,7.7205
2024,4,724,Spain,203,Czechia,2487890.807,329612.0,7.5479
2024,4,724,Spain,372,Ireland,2197129.475,297411.5,7.3875
2024,4,484,Mexico,392,Japan,2129773.0,193087.0,11.0301
2024,4,724,Spain,348,Hungary,2012757.138,264704.75,7.6038
2024,4,724,Spain,642,Romania,1593780.76,254636.5,6.259
2024,4,724,Spain,191,Croatia,1433257.783,211360.8,6.7811
2024,4,724,Spain,620,Portugal,1334798.32,242419.8,5.5061
2024,4,724,Spain,703,Slovakia,1291840.242,168545.5,7.6646
2024,4,724,Spain,376,Israel,1141897.917,102719.5,11.1167
2024,4,724,Spain,246,Finland,1104283.241,174053.0,6.3445
2024,4,724,Spain,100,Bulgaria,936062.729,474048.5,1.9746
2024,4,724,Spain,208,Denmark,746725.456,111826.8,6.6775
2024,4,724,Spain,344,"China, Hong Kong SAR",730578.211,56744.8,12.8748
2024,4,152,Chile,826,United Kingdom,707345.29,110560.0,6.3978
2024,4,724,Spain,440,Lithuania,608038.699,93433.0,6.5078
2024,4,604,Peru,170,Colombia,544108.05,92168.0,5.9034
2024,4,724,Spain,752,Sweden,538290.181,76294.0,7.0555
2024,4,604,Peru,76,Brazil,480539.83,91294.9,5.2636
2024,4,604,Peru,528,Netherlands,447499.586,81324.0,5.5027
2024,4,484,Mexico,124,Canada,435280.0,41139.0,10.5807
2024,4,724,Spain,702,Singapore,387775.616,28579.5,13.5683
2024,4,604,Peru,764,Thailand,373303.6,40837.5,9.1412
2024,4,724,Spain,705,Slovenia,371923.019,52504.0,7.0837
2024,4,724,Spain,579,Norway,354220.936,37955.0,9.3327
2024,4,152,Chile,76,Brazil,281524.5,44631.0,6.3078
2024,4,724,Spain,233,Estonia,272795.968,47557.0,5.7362
2024,4,152,Chile,410,Rep. of Korea,265668.7,26769.888,9.9242
2024,4,604,Peru,188,Costa Rica,242874.97,26600.0,9.1306
2024,4,604,Peru,376,Israel,217951.1,28935.0,7.5324
2024,4,604,Peru,826,United Kingdom,214834.59,41400.0,5.1892
2024,4,604,Peru,784,United Arab Emirates,206849.38,26375.0,7.8426
2024,4,604,Peru,152,Chile,182999.44,27540.0,6.6449
2024,4,724,Spain,76,Brazil,180870.066,24818.0,7.2879
2024,4,724,Spain,688,Serbia,176664.032,22808.0,7.7457
2024,4,152,Chile,124,Canada,166016.56,36040.7,4.6064
2024,4,724,Spain,300,Greece,163864.847,45399.0,3.6094
2024,4,604,Peru,591,Panama,162702.868,18165.2,8.9568
2024,4,724,Spain,428,Latvia,157370.152,25938.0,6.0672
2024,4,724,Spain,458,Malaysia,111804.37,10122.0,11.0457
2024,4,152,Chile,858,Uruguay,102960.0,11880.0,8.6667
2024,4,604,Peru,490,"Other Asia, nes",101180.03,11700.0,8.6479
2024,4,604,Peru,124,Canada,95863.4,12736.4,7.5267
2024,4,604,Peru,222,El Salvador,95273.95,10480.3,9.0908
2024,4,152,Chile,376,Israel,78868.06,9000.0,8.7631
2024,4,724,Spain,784,United Arab Emirates,74727.776,8601.0,8.6883
2024,4,724,Spain,764,Thailand,74588.541,4062.5,18.3603
2024,4,604,Peru,320,Guatemala,70385.16,7873.74,8.9392
2024,4,724,Spain,498,Rep. of Moldova,50892.717,4485.0,11.3473
2024,4,724,Spain,352,Iceland,48040.624,5225.5,9.1935
2024,4,152,Chile,392,Japan,47335.06,5400.0,8.7658
2024,4,724,Spain,442,Luxembourg,45852.439,5019.0,9.1358
2024,4,604,Peru,458,Malaysia,42665.69,6502.5,6.5614
2024,4,724,Spain,360,Indonesia,26433.216,2003.5,13.1935
2024,4,604,Peru,858,Uruguay,23634.6,3015.0,7.839
2024,4,724,Spain,116,Cambodia,20441.128,1346.0,15.1866
2024,4,604,Peru,344,"China, Hong Kong SAR",18223.82,1912.5,9.5288
2024,4,710,South Africa,480,Mauritius,17010.099,1980.0,8.591
2024,4,724,Spain,470,Malta,15090.474,1928.5,7.825
2024,4,152,Chile,188,Costa Rica,12424.56,1303.85,9.5291
2024,4,484,Mexico,84,Belize,11692.0,1719.0,6.8016
2024,4,710,South Africa,72,Botswana,10002.846,1386.7,7.2134
2024,4,724,Spain,292,Gibraltar,9864.928,1312.75,7.5147
2024,4,710,South Africa,516,Namibia,9554.974,1148.91,8.3166
2024,4,604,Peru,422,Lebanon,8415.0,1147.5,7.3333
2024,4,710,South Africa,894,Zambia,5670.792,3383.87,1.6758
2024,5,724,Spain,276,Germany,51613476.17,8778027.225,5.8798
2024,5,724,Spain,528,Netherlands,29532581.61,5047963.7,5.8504
2024,5,484,Mexico,842,USA,26848556.0,5759138.0,4.6619
2024,5,724,Spain,616,Poland,26331768.88,4253308.0,6.1909
2024,5,724,Spain,826,United Kingdom,20685841.81,2982165.2,6.9365
2024,5,724,Spain,380,Italy,8677100.809,1480745.8,5.86
2024,5,724,Spain,251,France,7316274.499,1296169.34,5.6445
2024,5,724,Spain,757,Switzerland,5435880.18,655335.92,8.2948
2024,5,724,Spain,40,Austria,4394232.537,604340.3,7.2711
2024,5,724,Spain,56,Belgium,3398170.227,602462.54,5.6405
2024,5,724,Spain,203,Czechia,2819216.557,407844.0,6.9125
2024,5,724,Spain,372,Ireland,2385190.025,391331.5,6.0951
2024,5,724,Spain,703,Slovakia,2352694.687,347340.0,6.7735
2024,5,724,Spain,348,Hungary,1841368.893,271032.5,6.7939
2024,5,724,Spain,246,Finland,1808373.457,307204.0,5.8866
2024,5,724,Spain,642,Romania,1793503.444,298528.0,6.0078
2024,5,724,Spain,620,Portugal,1729259.742,456822.59,3.7854
2024,5,604,Peru,76,Brazil,1299061.323,164355.5,7.904
2024,5,724,Spain,191,Croatia,1250487.975,203396.9,6.148
2024,5,724,Spain,440,Lithuania,1053471.052,168590.0,6.2487
2024,5,724,Spain,376,Israel,1000401.527,95652.0,10.4588
2024,5,724,Spain,752,Sweden,946234.356,148854.5,6.3568
2024,5,724,Spain,100,Bulgaria,828225.286,296575.0,2.7926
2024,5,724,Spain,208,Denmark,787348.19,121813.36,6.4636
2024,5,604,Peru,842,USA,719949.5,82571.0,8.7192
2024,5,484,Mexico,392,Japan,661879.0,56755.0,11.662
2024,5,604,Peru,528,Netherlands,526489.066,69523.2,7.5729
2024,5,724,Spain,233,Estonia,521064.475,116987.0,4.454
2024,5,724,Spain,579,Norway,503387.197,51295.0,9.8136
2024,5,724,Spain,702,Singapore,475179.188,38351.0,12.3903
2024,5,724,Spain,705,Slovenia,437184.319,70319.2,6.2171
2024,5,724,Spain,344,"China, Hong Kong SAR",428090.101,30234.75,14.1589
2024,5,604,Peru,152,Chile,388188.82,50940.0,7.6205
2024,5,604,Peru,764,Thailand,387503.55,42525.0,9.1124
2024,5,604,Peru,826,United Kingdom,353577.17,57441.0,6.1555
2024,5,724,Spain,682,Saudi Arabia,274813.254,28726.5,9.5665
2024,5,604,Peru,188,Costa Rica,265398.76,28592.7,9.282
2024,5,724,Spain,428,Latvia,229558.958,40864.0,5.6176
2024,5,604,Peru,124,Canada,209433.6,28005.1,7.4784
2024,5,724,Spain,76,Brazil,189884.334,24673.0,7.696
2024,5,484,Mexico,320,Guatemala,177002.0,17653.0,10.0267
2024,5,604,Peru,170,Colombia,165266.4,20940.0,7.8924
2024,5,724,Spain,764,Thailand,144623.962,6432.0,22.4851
2024,5,724,Spain,458,Malaysia,121618.743,11517.75,10.5592
2024,5,724,Spain,784,United Arab Emirates,108280.325,11112.16,9.7443
2024,5,604,Peru,591,Panama,99867.17,10659.2,9.3691
2024,5,724,Spain,688,Serbia,68331.135,9600.0,7.1178
2024,5,604,Peru,376,Israel,60690.0,7267.5,8.3509
2024,5,604,Peru,222,El Salvador,59115.5,6658.56,8.8781
2024,5,604,Peru,320,Guatemala,56846.34,6361.74,8.9357
2024,5,724,Spain,300,Greece,56692.291,13800.0,4.1081
2024,5,724,Spain,470,Malta,54766.828,6840.5,8.0063
2024,5,484,Mexico,124,Canada,43241.0,5889.0,7.3427
2024,5,604,Peru,858,Uruguay,39496.2,4905.0,8.0522
2024,5,604,Peru,458,Malaysia,38335.21,6120.0,6.2639
2024,5,724,Spain,442,Luxembourg,34386.851,3869.6,8.8864
2024,5,724,Spain,116,Cambodia,24746.799,1788.0,13.8405
2024,5,724,Spain,634,Qatar,21728.5,2245.5,9.6765
2024,5,724,Spain,414,Kuwait,18936.837,2121.6,8.9257
2024,5,604,Peru,702,Singapore,18846.65,3240.0,5.8169
2024,5,724,Spain,360,Indonesia,18142.333,1523.0,11.9122
2024,5,710,South Africa,516,Namibia,17850.349,10757.8,1.6593
2024,5,710,South Africa,72,Botswana,14555.793,2851.42,5.1048
2024,5,604,Peru,699,India,14422.2,1440.0,10.0154
2024,5,484,Mexico,84,Belize,12831.0,1402.0,9.1519
2024,5,710,South Africa,480,Mauritius,12295.349,1330.0,9.2446
2024,5,604,Peru,344,"China, Hong Kong SAR",10743.62,1147.5,9.3626
2024,5,710,South Africa,404,Kenya,10289.008,1053.0,9.7711
2024,5,710,South Africa,894,Zambia,4639.771,3212.26,1.4444
2024,6,724,Spain,276,Germany,19163585.985,3015745.4,6.3545
2024,6,724,Spain,826,United Kingdom,18353437.621,2631008.05,6.9758
2024,6,724,Spain,616,Poland,7046513.371,1155169.0,6.1
2024,6,724,Spain,528,Netherlands,4575331.66,758846.795,6.0293
2024,6,484,Mexico,842,USA,4172177.0,921049.0,4.5298
2024,6,724,Spain,380,Italy,3450700.276,522522.9,6.6039
2024,6,604,Peru,842,USA,3224154.78,298167.0,10.8133
2024,6,724,Spain,251,France,2832472.127,475100.5,5.9618
2024,6,724,Spain,757,Switzerland,2594073.581,322232.0,8.0503
2024,6,724,Spain,56,Belgium,1837594.734,383744.4,4.7886
2024,6,604,Peru,156,China,1742768.66,152235.0,11.4479
2024,6,724,Spain,372,Ireland,1679825.146,267054.1,6.2902
2024,6,604,Peru,344,"China, Hong Kong SAR",1308524.03,103477.5,12.6455
2024,6,724,Spain,203,Czechia,1276361.774,169603.5,7.5256
2024,6,724,Spain,40,Austria,1032963.37,129262.5,7.9912
2024,6,724,Spain,682,Saudi Arabia,1026012.572,110862.3,9.2548
2024,6,724,Spain,620,Portugal,968141.6,341432.03,2.8355
2024,6,724,Spain,703,Slovakia,720700.62,98670.0,7.3042
2024,6,724,Spain,376,Israel,632345.56,58530.0,10.8038
2024,6,724,Spain,440,Lithuania,631607.913,92779.02,6.8077
2024,6,724,Spain,752,Sweden,557531.81,78322.0,7.1185
2024,6,724,Spain,246,Finland,548884.07,81894.0,6.7024
2024,6,724,Spain,208,Denmark,493835.819,67956.2,7.267
2024,6,724,Spain,348,Hungary,434012.089,59846.5,7.2521
2024,6,604,Peru,764,Thailand,383357.196,46395.0,8.2629
2024,6,484,Mexico,392,Japan,332291.0,26939.0,12.3349
2024,6,604,Peru,76,Brazil,329473.464,42205.1,7.8065
2024,6,604,Peru,152,Chile,303986.7,41212.8,7.376
2024,6,604,Peru,702,Singapore,278918.86,37912.5,7.3569
2024,6,604,Peru,170,Colombia,276187.15,30060.0,9.1879
2024,6,710,South Africa,344,"China, Hong Kong SAR",261456.993,23674.4,11.0439
2024,6,604,Peru,188,Costa Rica,224353.05,23891.7,9.3904
2024,6,724,Spain,642,Romania,204424.733,29854.0,6.8475
2024,6,724,Spain,233,Estonia,197367.669,32342.0,6.1025
2024,6,710,South Africa,784,United Arab Emirates,190863.391,17687.12,10.7911
2024,6,724,Spain,784,United Arab Emirates,189639.178,21199.5,8.9455
2024,6,724,Spain,414,Kuwait,188292.0,22276.5,8.4525
2024,6,724,Spain,458,Malaysia,186692.298,19125.0,9.7617
2024,6,724,Spain,705,Slovenia,178391.181,27570.0,6.4705
2024,6,604,Peru,826,United Kingdom,163204.854,23959.2,6.8118
2024,6,724,Spain,634,Qatar,152593.348,17463.9,8.7376
2024,6,724,Spain,428,Latvia,142784.098,23228.0,6.1471
2024,6,604,Peru,376,Israel,136425.0,19125.0,7.1333
2024,6,724,Spain,352,Iceland,135502.343,16220.0,8.354
2024,6,710,South Africa,414,Kuwait,120568.428,10777.72,11.1868
2024,6,604,Peru,699,India,116732.826,12712.5,9.1825
2024,6,724,Spain,702,Singapore,107745.855,9864.0,10.9231
2024,6,710,South Africa,458,Malaysia,91680.098,9802.0,9.3532
2024,6,724,Spain,579,Norway,86302.759,8812.0,9.7938
2024,6,604,Peru,591,Panama,82487.54,8884.74,9.2842
2024,6,724,Spain,100,Bulgaria,72318.942,24946.5,2.899
2024,6,484,Mexico,320,Guatemala,67451.0,6777.0,9.9529
2024,6,724,Spain,300,Greece,65160.173,16050.0,4.0598
2024,6,604,Peru,858,Uruguay,62814.36,7920.0,7.9311
2024,6,724,Spain,191,Croatia,56933.637,9613.5,5.9223
2024,6,604,Peru,528,Netherlands,54442.175,11790.0,4.6177
2024,6,604,Peru,222,El Salvador,51720.87,6239.34,8.2895
2024,6,604,Peru,724,Spain,48603.084,7500.0,6.4804
2024,6,724,Spain,400,Jordan,43112.905,4597.5,9.3775
2024,6,710,South Africa,634,Qatar,40886.841,3385.44,12.0773
2024,6,604,Peru,458,Malaysia,35430.73,5355.0,6.6164
2024,6,724,Spain,48,Bahrain,34860.58,3442.5,10.1265
2024,6,724,Spain,360,Indonesia,31831.416,2730.0,11.6599
2024,6,710,South Africa,702,Singapore,27662.992,4636.0,5.967
2024,6,724,Spain,764,Thailand,23546.534,1080.0,21.8023
2024,6,710,South Africa,480,Mauritius,23510.459,4190.0,5.6111
2024,6,710,South Africa,682,Saudi Arabia,20945.865,1687.5,12.4124
2024,6,710,South Africa,516,Namibia,20571.97,2593.37,7.9325
2024,6,710,South Africa,894,Zambia,17065.201,12288.3,1.3887
2024,6,724,Spain,470,Malta,16567.784,2242.5,7.3881
2024,6,710,South Africa,372,Ireland,16538.73,1758.0,9.4077
2024,6,710,South Africa,48,Bahrain,16059.009,1844.0,8.7088
2024,6,724,Spain,442,Luxembourg,14597.026,1329.0,10.9835
2024,6,710,South Africa,24,Angola,14014.371,1225.1,11.4394
2024,6,710,South Africa,72,Botswana,13769.976,3343.01,4.119
2024,6,484,Mexico,84,Belize,10219.0,1250.0,8.1752
2024,6,724,Spain,292,Gibraltar,9540.005,1197.9,7.9639
2024,7,604,Peru,842,USA,13238445.69,1320146.2,10.028
2024,7,604,Peru,344,"China, Hong Kong SAR",9944141.61,743747.5,13.3703
2024,7,604,Peru,156,China,7964421.622,731235.0,10.8917
2024,7,604,Peru,528,Netherlands,6802134.028,749540.0,9.0751
2024,7,724,Spain,826,United Kingdom,3292094.899,509481.8,6.4617
2024,7,724,Spain,276,Germany,1806473.169,371431.4,4.8635
2024,7,604,Peru,826,United Kingdom,1714352.533,215620.2,7.9508
2024,7,710,South Africa,784,United Arab Emirates,1329566.251,167359.1,7.9444
2024,7,724,Spain,251,France,1112580.554,225619.66,4.9312
2024,7,604,Peru,699,India,972718.53,108862.0,8.9353
2024,7,604,Peru,702,Singapore,845225.85,104416.5,8.0948
2024,7,604,Peru,764,Thailand,745524.11,88984.5,8.3781
2024,7,484,Mexico,842,USA,716092.0,122271.0,5.8566
2024,7,604,Peru,490,"Other Asia, nes",680796.021,76680.0,8.8784
2024,7,724,Spain,528,Netherlands,632284.201,108479.9,5.8286
2024,7,604,Peru,76,Brazil,622996.062,84465.0,7.3758
2024,7,710,South Africa,682,Saudi Arabia,566660.192,64590.3,8.7731
2024,7,710,South Africa,344,"China, Hong Kong SAR",549374.265,56705.6,9.6882
2024,7,604,Peru,724,Spain,512748.142,66544.6,7.7053
2024,7,604,Peru,170,Colombia,466901.86,60447.0,7.7242
2024,7,710,South Africa,826,United Kingdom,390817.851,32388.0,12.0667
2024,7,724,Spain,620,Portugal,382850.282,129631.92,2.9534
2024,7,604,Peru,682,Saudi Arabia,373675.16,46800.0,7.9845
2024,7,604,Peru,152,Chile,366428.74,50378.4,7.2735
2024,7,724,Spain,380,Italy,355537.855,52048.0,6.831
2024,7,710,South Africa,702,Singapore,338642.318,42582.3,7.9527
2024,7,710,South Africa,414,Kuwait,301671.902,26174.3,11.5255
2024,7,710,South Africa,458,Malaysia,300178.175,47428.4,6.3291
2024,7,724,Spain,616,Poland,256095.279,102815.0,2.4908
2024,7,710,South Africa,372,Ireland,253688.772,25857.6,9.811
2024,7,604,Peru,188,Costa Rica,243797.36,26224.7,9.2965
2024,7,710,South Africa,528,Netherlands,196366.264,25257.6,7.7745
2024,7,724,Spain,376,Israel,194971.282,16200.0,12.0353
2024,7,724,Spain,208,Denmark,190305.267,24637.5,7.7242
2024,7,710,South Africa,634,Qatar,175008.111,15759.0,11.1053
2024,7,724,Spain,40,Austria,155273.195,24481.0,6.3426
2024,7,604,Peru,591,Panama,145235.06,16048.8,9.0496
2024,7,604,Peru,858,Uruguay,144836.36,18537.5,7.8132
2024,7,710,South Africa,276,Germany,127925.763,14100.0,9.0727
2024,7,724,Spain,233,Estonia,113139.395,19760.0,5.7257
2024,7,724,Spain,203,Czechia,104510.321,16493.0,6.3366
2024,7,724,Spain,372,Ireland,100630.99,15087.5,6.6698
2024,7,724,Spain,352,Iceland,92195.917,10125.0,9.1058
2024,7,604,Peru,376,Israel,91800.0,11475.0,8.0
2024,7,724,Spain,300,Greece,85656.575,12063.0,7.1008
2024,7,604,Peru,222,El Salvador,78621.76,8859.42,8.8744
2024,7,710,South Africa,480,Mauritius,76914.701,10364.0,7.4213
2024,7,710,South Africa,764,Thailand,67241.247,13312.0,5.0512
2024,7,604,Peru,276,Germany,56220.38,6552.0,8.5806
2024,7,724,Spain,752,Sweden,48390.23,8100.0,5.9741
2024,7,724,Spain,428,Latvia,46456.068,1120.0,41.4786
2024,7,724,Spain,703,Slovakia,46223.604,7426.0,6.2246
2024,7,604,Peru,320,Guatemala,43944.95,5195.16,8.4588
2024,7,724,Spain,348,Hungary,42561.002,6255.0,6.8043
2024,7,710,South Africa,512,Oman,42357.636,2861.0,14.8052
2024,7,724,Spain,440,Lithuania,38296.381,12767.55,2.9995
2024,7,604,Peru,458,Malaysia,36100.48,4972.5,7.26
2024,7,724,Spain,360,Indonesia,25815.91,2040.0,12.6549
2024,7,724,Spain,784,United Arab Emirates,25680.75,1610.0,15.9508
2024,7,710,South Africa,516,Namibia,24872.053,3780.13,6.5797
2024,7,710,South Africa,116,Cambodia,18356.404,1424.0,12.8907
2024,7,710,South Africa,72,Botswana,16527.013,3413.25,4.842
2024,7,724,Spain,56,Belgium,16323.463,2818.0,5.7926
2024,7,604,Peru,757,Switzerland,15000.0,1800.0,8.3333
2024,7,710,South Africa,48,Bahrain,14723.148,1502.0,9.8024
2024,7,724,Spain,634,Qatar,14230.251,1452.0,9.8004
2024,7,152,Chile,124,Canada,11130.0,4200.0,2.65
2024,7,710,South Africa,894,Zambia,9744.279,6877.38,1.4169
2024,7,710,South Africa,690,Seychelles,8810.905,1279.43,6.8866
2024,7,484,Mexico,84,Belize,6929.0,1171.0,5.9172
2024,7,724,Spain,246,Finland,4554.516,1400.0,3.2532
2024,7,710,South Africa,508,Mozambique,3910.638,1005.99,3.8874
2024,8,604,Peru,842,USA,94180587.279,9342681.6,10.0807
2024,8,604,Peru,528,Netherlands,28387288.957,2685105.0,10.5721
2024,8,604,Peru,344,"China, Hong Kong SAR",20760567.29,1735133.9,11.9648
2024,8,604,Peru,156,China,11224608.041,1035060.0,10.8444
2024,8,604,Peru,826,United Kingdom,6729385.512,785525.2,8.5667
2024,8,710,South Africa,826,United Kingdom,2226812.701,404448.0,5.5058
2024,8,710,South Africa,784,United Arab Emirates,1771409.682,213915.8,8.2809
2024,8,710,South Africa,344,"China, Hong Kong SAR",1448198.855,150564.7,9.6184
2024,8,604,Peru,724,Spain,1388356.344,167200.7,8.3035
2024,8,604,Peru,682,Saudi Arabia,1120200.79,140400.0,7.9786
2024,8,724,Spain,251,France,1011064.102,146125.5,6.9191
2024,8,604,Peru,490,"Other Asia, nes",870904.23,95220.0,9.1462
2024,8,604,Peru,764,Thailand,826314.121,119721.0,6.902
2024,8,604,Peru,76,Brazil,806205.92,118509.4,6.8029
2024,8,710,South Africa,682,Saudi Arabia,801132.336,82049.0,9.7641
2024,8,710,South Africa,528,Netherlands,754170.741,112335.2,6.7136
2024,8,604,Peru,170,Colombia,730672.15,120427.0,6.0673
2024,8,710,South Africa,458,Malaysia,723462.493,98212.8,7.3663
2024,8,604,Peru,699,India,668119.79,78165.0,8.5476
2024,8,724,Spain,528,Netherlands,593878.683,111118.0,5.3446
2024,8,604,Peru,702,Singapore,562419.17,74244.5,7.5752
2024,8,710,South Africa,702,Singapore,518169.529,72065.0,7.1903
2024,8,724,Spain,276,Germany,461389.296,145893.8,3.1625
2024,8,710,South Africa,276,Germany,408124.536,37536.0,10.8729
2024,8,604,Peru,152,Chile,370277.15,48135.6,7.6924
2024,8,724,Spain,620,Portugal,330869.063,70866.1,4.6689
2024,8,604,Peru,372,Ireland,325487.9,27600.0,11.793
2024,8,724,Spain,380,Italy,283639.28,29863.5,9.4979
2024,8,604,Peru,376,Israel,283570.29,31612.5,8.9702
2024,8,710,South Africa,634,Qatar,282259.656,29653.7,9.5185
2024,8,710,South Africa,414,Kuwait,273497.683,22819.5,11.9853
2024,8,724,Spain,826,United Kingdom,233066.518,29247.5,7.9688
2024,8,710,South Africa,724,Spain,233034.987,39285.2,5.9319
2024,8,604,Peru,188,Costa Rica,220845.3,23834.2,9.2659
2024,8,604,Peru,458,Malaysia,205703.42,37296.5,5.5154
2024,8,604,Peru,124,Canada,201989.05,19637.2,10.286
2024,8,710,South Africa,372,Ireland,188889.991,18585.6,10.1632
2024,8,484,Mexico,842,USA,160350.0,33030.0,4.8547
2024,8,604,Peru,218,Ecuador,160196.4,12285.0,13.04
2024,8,604,Peru,591,Panama,140956.53,15290.3,9.2187
2024,8,604,Peru,643,Russian Federation,128448.79,12867.0,9.9828
2024,8,724,Spain,372,Ireland,108580.113,18240.0,5.9529
2024,8,710,South Africa,764,Thailand,99333.45,15259.0,6.5098
2024,8,604,Peru,616,Poland,95229.55,11175.7,8.5211
2024,8,604,Peru,784,United Arab Emirates,94473.07,11136.0,8.4836
2024,8,604,Peru,757,Switzerland,79200.0,7920.0,10.0
2024,8,604,Peru,222,El Salvador,75843.27,8645.94,8.7721
2024,8,710,South Africa,480,Mauritius,75730.645,11512.0,6.5784
2024,8,604,Peru,276,Germany,66574.24,6845.7,9.725
2024,8,724,Spain,352,Iceland,65445.947,5400.0,12.1196
2024,8,724,Spain,300,Greece,62119.718,4487.5,13.8428
2024,8,604,Peru,56,Belgium,61791.38,6930.0,8.9165
2024,8,724,Spain,376,Israel,53720.925,3240.0,16.5805
2024,8,724,Spain,616,Poland,53536.493,10511.0,5.0934
2024,8,604,Peru,320,Guatemala,52400.74,6737.64,7.7773
2024,8,710,South Africa,48,Bahrain,50193.409,6164.0,8.143
2024,8,724,Spain,784,United Arab Emirates,48799.184,3978.5,12.2657
2024,8,604,Peru,858,Uruguay,48469.5,5472.0,8.8577
2024,8,710,South Africa,400,Jordan,40484.048,4096.0,9.8838
2024,8,604,Peru,251,France,27412.5,3825.0,7.1667
2024,8,710,South Africa,116,Cambodia,27390.863,1918.0,14.281
2024,8,724,Spain,56,Belgium,22567.76,2856.0,7.9019
2024,8,710,South Africa,72,Botswana,21335.239,6059.15,3.5212
2024,8,710,South Africa,422,Lebanon,18605.099,2235.0,8.3244
2024,8,724,Spain,702,Singapore,18511.478,1440.0,12.8552
2024,8,710,South Africa,512,Oman,17387.574,1350.0,12.8797
2024,8,710,South Africa,462,Maldives,14787.316,1349.0,10.9617
2024,8,724,Spain,292,Gibraltar,11449.861,2205.88,5.1906
2024,8,152,Chile,124,Canada,11130.0,4200.0,2.65
2024,8,724,Spain,203,Czechia,10459.635,1440.0,7.2636
2024,8,710,South Africa,748,Eswatini,10287.455,1256.14,8.1897
2024,8,710,South Africa,516,Namibia,10004.287,2653.7,3.7699
2024,8,710,South Africa,508,Mozambique,5799.13,4645.24,1.2484
2024,8,710,South Africa,894,Zambia,2352.361,2338.0,1.0061
2024,9,604,Peru,842,USA,237601624.482,23554165.0,10.0875
2024,9,604,Peru,528,Netherlands,94928954.655,9621587.0,9.8662
2024,9,604,Peru,344,"China, Hong Kong SAR",37433907.805,3797055.5,9.8587
2024,9,604,Peru,826,United Kingdom,26219093.701,3116281.0,8.4136
2024,9,604,Peru,156,China,20274809.65,2045260.0,9.9131
2024,9,710,South Africa,826,United Kingdom,9131527.734,1672127.0,5.461
2024,9,710,South Africa,528,Netherlands,4729145.176,779229.2,6.069
2024,9,604,Peru,724,Spain,4529740.494,457320.0,9.905
2024,9,604,Peru,124,Canada,3441728.24,346239.0,9.9403
2024,9,710,South Africa,276,Germany,2646632.993,230480.0,11.4831
2024,9,710,South Africa,784,United Arab Emirates,2575346.974,341965.5,7.531
2024,9,604,Peru,490,"Other Asia, nes",1447366.99,221428.0,6.5365
2024,9,710,South Africa,344,"China, Hong Kong SAR",1269149.17,128301.0,9.892
2024,9,604,Peru,764,Thailand,1149292.25,122419.5,9.3881
2024,9,604,Peru,699,India,1106506.6,132298.0,8.3637
2024,9,604,Peru,276,Germany,1098086.616,111098.0,9.8839
2024,9,710,South Africa,702,Singapore,1069661.984,150420.0,7.1112
2024,9,484,Mexico,842,USA,905313.0,129249.0,7.0044
2024,9,724,Spain,528,Netherlands,878330.271,209321.6,4.1961
2024,9,710,South Africa,458,Malaysia,810090.428,108865.6,7.4412
2024,9,710,South Africa,724,Spain,770709.413,107479.5,7.1708
2024,9,724,Spain,251,France,757806.06,108385.95,6.9917
2024,9,604,Peru,682,Saudi Arabia,702318.37,93600.0,7.5034
2024,9,710,South Africa,372,Ireland,667954.822,65450.8,10.2054
2024,9,604,Peru,376,Israel,635990.48,75276.0,8.4488
2024,9,604,Peru,372,Ireland,622333.32,55200.0,11.2742
2024,9,724,Spain,620,Portugal,547493.704,61573.32,8.8917
2024,9,710,South Africa,682,Saudi Arabia,518709.46,62245.6,8.3333
2024,9,604,Peru,218,Ecuador,482169.214,47074.0,10.2428
2024,9,724,Spain,276,Germany,461874.84,88732.7,5.2052
2024,9,710,South Africa,414,Kuwait,449399.155,46226.6,9.7217
2024,9,604,Peru,702,Singapore,428406.88,54932.5,7.7988
2024,9,710,South Africa,634,Qatar,394238.696,46592.7,8.4614
2024,9,724,Spain,380,Italy,390328.877,43467.5,8.9798
2024,9,604,Peru,76,Brazil,307423.14,45521.02,6.7534
2024,9,604,Peru,170,Colombia,294825.7,56560.5,5.2126
2024,9,724,Spain,616,Poland,282863.823,41841.22,6.7604
2024,9,604,Peru,380,Italy,264090.7,29920.0,8.8266
2024,9,604,Peru,458,Malaysia,249188.69,37624.5,6.623
2024,9,710,South Africa,251,France,246433.507,25041.6,9.841
2024,9,710,South Africa,380,Italy,243056.708,26185.8,9.282
2024,9,710,South Africa,620,Portugal,237643.606,65280.0,3.6404
2024,9,604,Peru,188,Costa Rica,205523.76,21902.9,9.3834
2024,9,604,Peru,643,Russian Federation,201648.33,23400.0,8.6174
2024,9,604,Peru,616,Poland,189021.1,17037.5,11.0944
2024,9,604,Peru,56,Belgium,176715.428,17271.4,10.2317
2024,9,604,Peru,757,Switzerland,144227.2,14056.0,10.2609
2024,9,604,Peru,591,Panama,143966.58,14996.0,9.6003
2024,9,724,Spain,100,Bulgaria,132621.877,17695.9,7.4945
2024,9,710,South Africa,48,Bahrain,108884.432,12409.0,8.7746
2024,9,604,Peru,320,Guatemala,101450.86,8488.86,11.9511
2024,9,604,Peru,784,United Arab Emirates,88622.62,14961.7,5.9233
2024,9,604,Peru,152,Chile,87509.96,9892.8,8.8458
2024,9,710,South Africa,400,Jordan,84448.178,9711.0,8.6961
2024,9,724,Spain,372,Ireland,77626.986,11250.0,6.9002
2024,9,724,Spain,826,United Kingdom,77384.964,6202.5,12.4764
2024,9,710,South Africa,764,Thailand,76536.076,9182.0,8.3354
2024,9,724,Spain,352,Iceland,70983.444,3976.5,17.8507
2024,9,604,Peru,251,France,69181.86,5400.0,12.8115
2024,9,710,South Africa,480,Mauritius,69149.7,9887.54,6.9936
2024,9,604,Peru,208,Denmark,68918.03,5760.0,11.9649
2024,9,724,Spain,203,Czechia,63907.445,20524.6,3.1137
2024,9,724,Spain,56,Belgium,59045.438,4472.6,13.2016
2024,9,604,Peru,620,Portugal,57180.0,4680.0,12.2179
2024,9,710,South Africa,512,Oman,56726.802,6390.5,8.8767
2024,9,604,Peru,222,El Salvador,54009.48,5875.2,9.1928
2024,9,710,South Africa,116,Cambodia,47668.166,3340.0,14.2719
2024,9,724,Spain,752,Sweden,46205.891,11628.6,3.9735
2024,9,724,Spain,300,Greece,44639.456,2473.0,18.0507
2024,9,724,Spain,504,Morocco,23981.619,3425.0,7.0019
2024,9,152,Chile,410,Rep. of Korea,22339.97,1753.5,12.7402
2024,9,724,Spain,208,Denmark,20834.856,8960.0,2.3253
2024,9,724,Spain,703,Slovakia,20822.173,1130.0,18.4267
2024,9,604,Peru,40,Austria,18628.05,3888.0,4.7912
2024,9,710,South Africa,72,Botswana,11425.907,2712.89,4.2117
2024,9,724,Spain,292,Gibraltar,10756.494,1022.0,10.5249
2024,9,710,South Africa,748,Eswatini,9479.183,1092.27,8.6784
2024,9,710,South Africa,462,Maldives,9334.235,1055.0,8.8476
2024,9,710,South Africa,426,Lesotho,8451.217,1340.65,6.3038
2024,9,710,South Africa,516,Namibia,7690.398,1876.32,4.0987
2024,9,710,South Africa,508,Mozambique,5478.002,5692.99,0.9622
2024,9,724,Spain,642,Romania,1348.579,1349.2,0.9995
2024,10,604,Peru,842,USA,314625681.364,48782827.0,6.4495
2024,10,604,Peru,528,Netherlands,139495393.89,22228659.0,6.2755
2024,10,604,Peru,344,"China, Hong Kong SAR",52859406.73,7717008.5,6.8497
2024,10,604,Peru,826,United Kingdom,24995143.468,3991794.0,6.2616
2024,10,604,Peru,156,China,17732428.97,2799340.0,6.3345
2024,10,710,South Africa,826,United Kingdom,15775363.674,2761257.0,5.7131
2024,10,710,South Africa,528,Netherlands,9871957.975,1743670.4,5.6616
2024,10,604,Peru,724,Spain,6000132.264,923987.0,6.4937
2024,10,484,Mexico,842,USA,5861943.0,554725.0,10.5673
2024,10,710,South Africa,276,Germany,5854545.968,637931.2,9.1774
2024,10,604,Peru,124,Canada,4898133.045,706277.0,6.9351
2024,10,604,Peru,490,"Other Asia, nes",4505816.09,720772.0,6.2514
2024,10,152,Chile,410,Rep. of Korea,4468820.21,300613.3,14.8657
2024,10,710,South Africa,784,United Arab Emirates,3489492.949,472233.5,7.3893
2024,10,710,South Africa,344,"China, Hong Kong SAR",2101231.246,224676.5,9.3523
2024,10,710,South Africa,702,Singapore,1869529.571,256770.2,7.2809
2024,10,724,Spain,616,Poland,1763367.872,166236.7,10.6076
2024,10,604,Peru,218,Ecuador,1434297.96,153270.0,9.358
2024,10,604,Peru,643,Russian Federation,1393112.59,148532.0,9.3792
2024,10,710,South Africa,724,Spain,1329838.704,179746.2,7.3984
2024,10,604,Peru,682,Saudi Arabia,1251700.34,189034.0,6.6216
2024,10,604,Peru,764,Thailand,1159690.64,137733.0,8.4198
2024,10,604,Peru,170,Colombia,1147738.55,188023.0,6.1042
2024,10,484,Mexico,392,Japan,1133561.0,55827.0,20.3049
2024,10,710,South Africa,458,Malaysia,1032626.958,135704.0,7.6094
2024,10,604,Peru,699,India,1012800.92,142722.0,7.0963
2024,10,724,Spain,251,France,842196.615,120058.86,7.0149
2024,10,710,South Africa,682,Saudi Arabia,773993.226,99207.1,7.8018
2024,10,710,South Africa,251,France,758710.54,83444.7,9.0924
2024,10,604,Peru,76,Brazil,694025.94,97905.9,7.0887
2024,10,710,South Africa,372,Ireland,686299.047,85120.6,8.0627
2024,10,710,South Africa,634,Qatar,607176.108,73320.5,8.2811
2024,10,604,Peru,702,Singapore,578890.79,75475.5,7.6699
2024,10,604,Peru,376,Israel,555210.6,62580.0,8.872
2024,10,724,Spain,620,Portugal,550959.183,148946.87,3.699
2024,10,724,Spain,276,Germany,511083.466,74527.35,6.8577
2024,10,604,Peru,276,Germany,442032.982,48891.0,9.0412
2024,10,710,South Africa,414,Kuwait,428289.631,48938.3,8.7516
2024,10,152,Chile,392,Japan,426710.42,36962.2,11.5445
2024,10,724,Spain,528,Netherlands,348053.075,57116.3,6.0938
2024,10,724,Spain,380,Italy,330223.649,63976.6,5.1616
2024,10,724,Spain,372,Ireland,315801.286,53482.5,5.9048
2024,10,604,Peru,616,Poland,242317.94,27767.9,8.7265
2024,10,604,Peru,591,Panama,231619.37,24283.1,9.5383
2024,10,604,Peru,188,Costa Rica,222792.63,23669.7,9.4126
2024,10,710,South Africa,380,Italy,213754.069,25968.0,8.2314
2024,10,604,Peru,458,Malaysia,211152.64,27540.0,7.6671
2024,10,604,Peru,620,Portugal,176664.0,19920.0,8.8687
2024,10,724,Spain,352,Iceland,164885.734,9450.0,17.4482
2024,10,604,Peru,784,United Arab Emirates,161444.67,31160.6,5.1811
2024,10,710,South Africa,620,Portugal,160571.731,43520.0,3.6896
2024,10,604,Peru,56,Belgium,157445.23,22627.5,6.9581
2024,10,604,Peru,152,Chile,148577.57,19351.8,7.6777
2024,10,604,Peru,372,Ireland,144874.26,13800.0,10.4981
2024,10,152,Chile,842,USA,143257.22,18751.64,7.6397
2024,10,604,Peru,251,France,132326.25,21097.5,6.2721
2024,10,604,Peru,222,El Salvador,116220.77,12524.6,9.2794
2024,10,710,South Africa,480,Mauritius,105740.361,16366.3,6.4609
2024,10,710,South Africa,48,Bahrain,102045.373,12013.03,8.4946
2024,10,724,Spain,203,Czechia,100186.356,24209.6,4.1383
2024,10,724,Spain,56,Belgium,96190.872,6975.0,13.7908
2024,10,710,South Africa,764,Thailand,85696.172,8963.87,9.5602
2024,10,724,Spain,300,Greece,82444.775,6402.5,12.877
2024,10,710,South Africa,116,Cambodia,76486.72,6986.0,10.9486
2024,10,724,Spain,100,Bulgaria,75199.468,6272.4,11.9889
2024,10,604,Peru,320,Guatemala,72981.48,6844.56,10.6627
2024,10,710,South Africa,400,Jordan,69751.471,8313.0,8.3906
2024,10,724,Spain,826,United Kingdom,66898.326,6763.0,9.8918
2024,10,710,South Africa,56,Belgium,50490.312,5600.0,9.0161
2024,10,710,South Africa,512,Oman,44576.702,5193.5,8.5832
2024,10,724,Spain,784,United Arab Emirates,35007.907,1399.5,25.0146
2024,10,710,South Africa,616,Poland,27679.324,3143.0,8.8067
2024,10,152,Chile,490,"Other Asia, nes",27537.0,1836.0,14.9984
2024,10,724,Spain,752,Sweden,21292.298,8824.4,2.4129
2024,10,724,Spain,504,Morocco,19775.395,1125.0,17.5781
2024,10,724,Spain,208,Denmark,19195.36,6715.34,2.8584
2024,10,724,Spain,705,Slovenia,18211.133,1364.0,13.3513
2024,10,710,South Africa,72,Botswana,15981.718,4284.33,3.7303
2024,10,724,Spain,292,Gibraltar,14517.678,1684.16,8.6201
2024,10,724,Spain,348,Hungary,14222.868,1122.5,12.6707
2024,10,604,Peru,380,Italy,13958.7,1800.0,7.7548
2024,10,710,South Africa,643,Russian Federation,13738.267,1024.0,13.4163
2024,10,710,South Africa,818,Egypt,12578.7,1408.0,8.9337
2024,10,710,South Africa,748,Eswatini,10045.5,1175.75,8.5439
2024,10,710,South Africa,516,Namibia,8211.217,1927.64,4.2597
2024,10,484,Mexico,84,Belize,6968.0,1224.0,5.6928
2024,10,710,South Africa,508,Mozambique,5050.341,3367.35,1.4998
2024,10,724,Spain,642,Romania,3934.856,2162.8,1.8193
2024,11,604,Peru,842,USA,215676689.5,42966125.71,5.0197
2024,11,604,Peru,528,Netherlands,96669180.379,20039150.8,4.824
2024,11,604,Peru,344,"China, Hong Kong SAR",47899164.81,8198205.5,5.8426
2024,11,604,Peru,156,China,25108031.98,4411100.0,5.692
2024,11,604,Peru,826,United Kingdom,16984975.824,3221775.0,5.2719
2024,11,710,South Africa,826,United Kingdom,14740901.604,2971480.0,4.9608
2024,11,710,South Africa,528,Netherlands,14089274.484,2903308.5,4.8528
2024,11,484,Mexico,842,USA,7803297.0,1261041.0,6.188
2024,11,604,Peru,724,Spain,4818667.033,936238.9,5.1468
2024,11,604,Peru,490,"Other Asia, nes",4734755.851,890163.0,5.319
2024,11,152,Chile,410,Rep. of Korea,4047616.73,391306.08,10.3439
2024,11,710,South Africa,276,Germany,3772650.147,548842.0,6.8738
2024,11,710,South Africa,784,United Arab Emirates,3090615.377,464322.2,6.6562
2024,11,724,Spain,616,Poland,2672528.932,324590.07,8.2336
2024,11,604,Peru,124,Canada,2506069.186,394957.5,6.3452
2024,11,710,South Africa,702,Singapore,2286301.019,332957.0,6.8667
2024,11,604,Peru,643,Russian Federation,2060129.52,239380.0,8.6061
2024,11,604,Peru,682,Saudi Arabia,1909898.38,293352.0,6.5106
2024,11,710,South Africa,344,"China, Hong Kong SAR",1897747.97,189180.5,10.0314
2024,11,710,South Africa,724,Spain,1751045.814,273982.0,6.3911
2024,11,604,Peru,764,Thailand,1399941.727,185232.0,7.5578
2024,11,604,Peru,702,Singapore,1376944.3,178442.0,7.7165
2024,11,484,Mexico,392,Japan,1295208.0,93855.0,13.8001
2024,11,152,Chile,842,USA,1130835.85,215531.38,5.2467
2024,11,710,South Africa,372,Ireland,1121887.374,168168.4,6.6712
2024,11,710,South Africa,458,Malaysia,882870.022,134294.0,6.5742
2024,11,604,Peru,76,Brazil,752638.14,129764.0,5.8001
2024,11,152,Chile,490,"Other Asia, nes",704448.52,48058.28,14.6582
2024,11,724,Spain,620,Portugal,665342.147,95866.05,6.9403
2024,11,604,Peru,699,India,653400.35,99114.0,6.5924
2024,11,724,Spain,276,Germany,617364.018,121110.5,5.0975
2024,11,604,Peru,218,Ecuador,598583.47,67019.4,8.9315
2024,11,604,Peru,170,Colombia,566910.6,98965.5,5.7284
2024,11,604,Peru,376,Israel,523255.8,100516.5,5.2057
2024,11,710,South Africa,251,France,507629.455,75122.4,6.7574
2024,11,710,South Africa,682,Saudi Arabia,494230.307,74982.2,6.5913
2024,11,152,Chile,392,Japan,464242.84,37755.78,12.2959
2024,11,724,Spain,380,Italy,462668.334,62160.0,7.4432
2024,11,710,South Africa,414,Kuwait,410673.392,49185.7,8.3494
2024,11,724,Spain,251,France,369314.77,69603.4,5.306
2024,11,724,Spain,528,Netherlands,339340.234,87229.0,3.8902
2024,11,710,South Africa,620,Portugal,329467.724,87040.0,3.7852
2024,11,604,Peru,152,Chile,288855.62,43635.6,6.6197
2024,11,604,Peru,188,Costa Rica,271725.75,28652.3,9.4836
2024,11,604,Peru,484,Mexico,244352.68,19256.0,12.6897
2024,11,710,South Africa,634,Qatar,229739.409,31231.32,7.3561
2024,11,604,Peru,784,United Arab Emirates,226036.56,48942.7,4.6184
2024,11,604,Peru,56,Belgium,193880.8,35904.0,5.4
2024,11,152,Chile,32,Argentina,158949.5,21178.5,7.5052
2024,11,710,South Africa,48,Bahrain,149984.364,21621.14,6.9369
2024,11,604,Peru,591,Panama,143102.22,15167.7,9.4347
2024,11,710,South Africa,400,Jordan,138419.032,15873.0,8.7204
2024,11,724,Spain,348,Hungary,132590.696,16720.5,7.9298
2024,11,604,Peru,458,Malaysia,124270.7,24570.0,5.0578
2024,11,724,Spain,203,Czechia,121099.278,21825.8,5.5484
2024,11,710,South Africa,643,Russian Federation,120745.088,11092.4,10.8854
2024,11,724,Spain,100,Bulgaria,114139.532,74504.6,1.532
2024,11,604,Peru,276,Germany,95276.36,8640.0,11.0274
2024,11,710,South Africa,512,Oman,94237.518,11465.0,8.2196
2024,11,724,Spain,642,Romania,87760.397,11076.24,7.9233
2024,11,724,Spain,56,Belgium,84785.594,11460.5,7.3981
2024,11,710,South Africa,764,Thailand,83174.503,9894.0,8.4066
2024,11,724,Spain,352,Iceland,82808.812,8437.5,9.8144
2024,11,604,Peru,222,El Salvador,82113.31,9326.88,8.8039
2024,11,710,South Africa,380,Italy,81383.016,10399.6,7.8256
2024,11,710,South Africa,480,Mauritius,78698.936,14487.88,5.4321
2024,11,724,Spain,40,Austria,75266.482,7331.25,10.2665
2024,11,604,Peru,320,Guatemala,73106.06,8509.14,8.5915
2024,11,152,Chile,156,China,69953.35,9948.68,7.0314
2024,11,724,Spain,705,Slovenia,69297.263,9227.84,7.5096
2024,11,604,Peru,380,Italy,60371.98,6828.0,8.8418
2024,11,484,Mexico,414,Kuwait,48884.0,2411.0,20.2754
2024,11,152,Chile,124,Canada,47142.0,10936.0,4.3107
2024,11,710,South Africa,608,Philippines,41224.888,19536.0,2.1102
2024,11,604,Peru,251,France,36337.5,3825.0,9.5
2024,11,710,South Africa,818,Egypt,29100.968,3591.0,8.1039
2024,11,724,Spain,826,United Kingdom,28448.824,3624.0,7.8501
2024,11,710,South Africa,116,Cambodia,25570.417,3661.0,6.9845
2024,11,724,Spain,191,Croatia,23144.797,3024.0,7.6537
2024,11,710,South Africa,72,Botswana,19971.93,6569.8,3.04
2024,11,724,Spain,703,Slovakia,14226.32,1084.0,13.1239
2024,11,710,South Africa,690,Seychelles,14121.365,1206.5,11.7044
2024,11,710,South Africa,462,Maldives,13880.496,1072.5,12.9422
2024,11,152,Chile,376,Israel,12540.1,1800.0,6.9667
2024,11,710,South Africa,748,Eswatini,11469.576,1763.78,6.5028
2024,11,724,Spain,292,Gibraltar,11253.271,1264.75,8.8976
2024,11,710,South Africa,426,Lesotho,10097.867,1280.52,7.8858
2024,11,724,Spain,300,Greece,9550.12,1644.0,5.8091
2024,11,484,Mexico,84,Belize,8340.0,1334.0,6.2519
2024,11,710,South Africa,516,Namibia,7847.731,3169.09,2.4763
2024,11,152,Chile,76,Brazil,6414.57,1219.5,5.26
2024,11,710,South Africa,566,Nigeria,5782.192,1400.0,4.1301
2024,11,710,South Africa,894,Zambia,3890.822,1446.64,2.6896
2024,11,710,South Africa,834,United Rep. of Tanzania,3864.833,1125.0,3.4354
2024,11,710,South Africa,508,Mozambique,3781.96,2970.85,1.273
2024,11,710,South Africa,404,Kenya,1787.527,1348.0,1.3261
2024,12,604,Peru,842,USA,116653563.921,21927507.5,5.32
2024,12,604,Peru,528,Netherlands,39335805.993,8038512.6,4.8934
2024,12,152,Chile,842,USA,21856907.484,4888757.36,4.4709
2024,12,152,Chile,528,Netherlands,12988622.83,3261428.35,3.9825
2024,12,484,Mexico,842,USA,11548790.0,2602777.0,4.4371
2024,12,604,Peru,344,"China, Hong Kong SAR",11013032.22,1962038.8,5.6131
2024,12,152,Chile,410,Rep. of Korea,10882790.63,1379928.578,7.8865
2024,12,604,Peru,826,United Kingdom,9607348.973,1736673.6,5.532
2024,12,710,South Africa,528,Netherlands,9574113.119,2160982.4,4.4304
2024,12,604,Peru,156,China,9534278.704,1781580.0,5.3516
2024,12,710,South Africa,826,United Kingdom,6635944.616,1489440.5,4.4553
2024,12,152,Chile,826,United Kingdom,4932759.75,1030732.4,4.7857
2024,12,724,Spain,616,Poland,3093113.716,393590.5,7.8587
2024,12,152,Chile,156,China,2568027.297,532949.4,4.8185
2024,12,604,Peru,724,Spain,2522398.481,464685.9,5.4282
2024,12,484,Mexico,392,Japan,2105092.0,176956.0,11.8961
2024,12,152,Chile,276,Germany,1887359.147,435671.2,4.3321
2024,12,604,Peru,490,"Other Asia, nes",1867971.45,335793.0,5.5629
2024,12,724,Spain,528,Netherlands,1527896.363,253551.0,6.026
2024,12,152,Chile,32,Argentina,1185286.2,195187.5,6.0726
2024,12,710,South Africa,784,United Arab Emirates,1167975.597,190723.96,6.1239
2024,12,152,Chile,124,Canada,1133524.36,223046.8,5.082
2024,12,710,South Africa,724,Spain,1057592.773,163399.2,6.4724
2024,12,604,Peru,702,Singapore,1016998.82,132460.0,7.6778
2024,12,604,Peru,124,Canada,886308.03,152479.1,5.8127
2024,12,604,Peru,682,Saudi Arabia,847242.54,130869.0,6.474
2024,12,724,Spain,251,France,786030.256,151651.0,5.1832
2024,12,604,Peru,764,Thailand,763182.19,89433.5,8.5335
2024,12,710,South Africa,702,Singapore,648372.127,105089.0,6.1697
2024,12,724,Spain,620,Portugal,632421.484,72960.46,8.668
2024,12,724,Spain,380,Italy,547783.918,95183.0,5.7551
2024,12,710,South Africa,458,Malaysia,542410.046,90454.0,5.9965
2024,12,152,Chile,76,Brazil,515436.2,80859.9,6.3744
2024,12,710,South Africa,372,Ireland,499734.191,76656.0,6.5192
2024,12,152,Chile,490,"Other Asia, nes",464034.9,30263.4,15.3332
2024,12,152,Chile,56,Belgium,423097.25,95660.8,4.4229
2024,12,710,South Africa,344,"China, Hong Kong SAR",421735.406,45162.0,9.3383
2024,12,604,Peru,643,Russian Federation,412485.71,54053.3,7.6311
2024,12,604,Peru,376,Israel,360067.34,80712.0,4.4611
2024,12,724,Spain,276,Germany,359324.553,45381.8,7.9178
2024,12,710,South Africa,276,Germany,356229.869,64120.0,5.5557
2024,12,152,Chile,372,Ireland,341510.89,58240.0,5.8639
2024,12,604,Peru,76,Brazil,341090.9,60817.8,5.6084
2024,12,724,Spain,40,Austria,324647.215,33830.0,9.5964
2024,12,710,South Africa,251,France,306575.513,49799.4,6.1562
2024,12,604,Peru,784,United Arab Emirates,293803.812,44603.4,6.587
2024,12,604,Peru,188,Costa Rica,268124.62,29524.4,9.0815
2024,12,710,South Africa,634,Qatar,259397.769,38437.4,6.7486
2024,12,152,Chile,724,Spain,255326.37,58548.0,4.361
2024,12,724,Spain,348,Hungary,251367.273,34117.5,7.3677
2024,12,604,Peru,699,India,223398.72,37175.0,6.0094
2024,12,724,Spain,203,Czechia,219526.459,32405.0,6.7745
2024,12,152,Chile,376,Israel,217841.75,30600.0,7.119
2024,12,152,Chile,392,Japan,197329.92,21895.32,9.0124
2024,12,724,Spain,705,Slovenia,195732.152,28440.0,6.8823
2024,12,710,South Africa,682,Saudi Arabia,193740.834,26565.6,7.2929
2024,12,710,South Africa,414,Kuwait,188064.4,23637.3,7.9563
2024,12,484,Mexico,320,Guatemala,185760.0,18262.0,10.1719
2024,12,604,Peru,56,Belgium,165844.2,35808.0,4.6315
2024,12,152,Chile,702,Singapore,154463.3,24120.0,6.404
2024,12,604,Peru,591,Panama,147383.11,16061.2,9.1763
2024,12,604,Peru,170,Colombia,143070.94,31440.0,4.5506
2024,12,724,Spain,56,Belgium,129004.971,15954.0,8.0861
2024,12,604,Peru,152,Chile,126818.95,43875.6,2.8904
2024,12,152,Chile,192,Cuba,117425.5,10273.98,11.4294
2024,12,604,Peru,222,El Salvador,116491.56,13320.2,8.7455
2024,12,710,South Africa,764,Thailand,97207.184,11273.0,8.623
2024,12,710,South Africa,643,Russian Federation,92248.35,10523.0,8.7664
2024,12,724,Spain,352,Iceland,83901.255,9450.0,8.8784
2024,12,724,Spain,703,Slovakia,82115.331,10463.0,7.8482
2024,12,152,Chile,858,Uruguay,78941.0,12870.0,6.1337
2024,12,604,Peru,276,Germany,64029.09,5760.0,11.1162
2024,12,724,Spain,826,United Kingdom,58168.862,5984.0,9.7207
2024,12,152,Chile,214,Dominican Rep.,56273.5,4937.4,11.3974
2024,12,724,Spain,757,Switzerland,54117.504,4641.0,11.6607
2024,12,710,South Africa,116,Cambodia,50288.94,7264.0,6.923
2024,12,724,Spain,100,Bulgaria,49952.327,24448.6,2.0432
2024,12,484,Mexico,414,Kuwait,47823.0,3681.0,12.9919
2024,12,710,South Africa,480,Mauritius,47559.43,10247.0,4.6413
2024,12,724,Spain,191,Croatia,41924.389,5942.4,7.0551
2024,12,710,South Africa,608,Philippines,41528.817,22762.0,1.8245
2024,12,724,Spain,642,Romania,36353.382,4469.36,8.1339
2024,12,710,South Africa,380,Italy,35774.979,3152.0,11.3499
2024,12,710,South Africa,48,Bahrain,32144.783,4884.5,6.581
2024,12,710,South Africa,512,Oman,29198.079,3978.0,7.3399
2024,12,724,Spain,372,Ireland,23544.525,14381.0,1.6372
2024,12,152,Chile,784,United Arab Emirates,21770.0,3600.0,6.0472
2024,12,710,South Africa,72,Botswana,21049.435,9991.86,2.1067
2024,12,724,Spain,784,United Arab Emirates,20189.167,1073.5,18.8069
2024,12,710,South Africa,894,Zambia,18546.967,9382.33,1.9768
2024,12,724,Spain,208,Denmark,16412.342,3728.0,4.4025
2024,12,724,Spain,300,Greece,14529.992,6448.0,2.2534
2024,12,484,Mexico,84,Belize,13880.0,2400.0,5.7833
2024,12,724,Spain,360,Indonesia,13879.324,1275.0,10.8857
2024,12,152,Chile,320,Guatemala,13859.47,2340.0,5.9229
2024,12,604,Peru,320,Guatemala,11730.0,1530.0,7.6667
2024,12,152,Chile,170,Colombia,9461.4,1170.0,8.0867
2024,12,152,Chile,591,Panama,8746.8,1350.0,6.4791
2024,12,710,South Africa,426,Lesotho,7890.079,1152.51,6.846
2024,12,710,South Africa,516,Namibia,6059.165,2643.42,2.2922
2024,12,710,South Africa,508,Mozambique,2584.768,1884.38,1.3717
