year,reporter,partner,flow,value_eur,net_kg,eur_per_kg
2023,AT,WORLD,export,13157493.0,1724196.0,7.6311
2023,AT,DE,export,6444270.0,930236.0,6.9276
2023,AT,HU,export,2162665.0,269932.0,8.0119
2023,AT,SI,export,1383713.0,161268.0,8.5802
2023,AT,CH,export,893346.0,80260.0,11.1307
2023,AT,PL,export,685181.0,113309.0,6.047
2023,AT,IT,export,533702.0,64401.0,8.2872
2023,AT,SK,export,492850.0,39488.0,12.481
2023,AT,CZ,export,424827.0,26390.0,16.098
2023,AT,NL,export,98838.0,26970.0,3.6647
2023,AT,RO,export,38011.0,11930.0,3.1862
2023,AT,HR,export,36.0,5.0,7.2
2023,AT,LT,export,32.0,4.0,8.0
2023,AT,BG,export,15.0,1.0,15.0
2023,AT,FR,export,4.0,1.0,4.0
2023,AT,ES,export,3.0,1.0,3.0
2023,AT,WORLD,import,71105442.0,9593318.0,7.412
2023,AT,DE,import,38761878.0,5453891.0,7.1072
2023,AT,NL,import,15117596.0,1808462.0,8.3594
2023,AT,ES,import,10429698.0,1227950.0,8.4936
2023,AT,XS,import,3244119.0,482709.0,6.7207
2023,AT,PL,import,1017396.0,232631.0,4.3734
2023,AT,TR,import,849267.0,132810.0,6.3946
2023,AT,IT,import,464196.0,58084.0,7.9918
2023,AT,HU,import,418691.0,45470.0,9.2081
2023,AT,RO,import,410526.0,75971.0,5.4037
2023,AT,SE,import,168162.0,46249.0,3.636
2023,AT,FR,import,88715.0,8577.0,10.3434
2023,AT,BE,import,54620.0,5211.0,10.4817
2023,AT,XK,import,47741.0,9360.0,5.1005
2023,AT,SK,import,32837.0,5943.0,5.5253
2023,BE,WORLD,export,55547092.0,6542489.0,8.4902
2023,BE,RU,export,33194859.0,3708044.0,8.9521
2023,BE,NL,export,9007495.0,1331103.0,6.7669
2023,BE,FI,export,4462270.0,475783.0,9.3788
2023,BE,LU,export,1880476.0,221401.0,8.4935
2023,BE,LT,export,1203758.0,134861.0,8.9259
2023,BE,DE,export,1085171.0,137063.0,7.9173
2023,BE,LV,export,1047783.0,106438.0,9.8441
2023,BE,NO,export,902021.0,95644.0,9.431
2023,BE,DK,export,756961.0,68803.0,11.0019
2023,BE,FR,export,622290.0,89552.0,6.9489
2023,BE,IE,export,286702.0,49808.0,5.7561
2023,BE,EE,export,251335.0,26703.0,9.4122
2023,BE,SE,export,222131.0,27362.0,8.1182
2023,BE,CH,export,142474.0,13680.0,10.4148
2023,BE,ES,export,132006.0,17886.0,7.3804
2023,BE,IS,export,119634.0,11915.0,10.0406
2023,BE,PL,export,85741.0,11926.0,7.1894
2023,BE,MD,export,57540.0,5715.0,10.0682
2023,BE,IT,export,28422.0,2325.0,12.2245
2023,BE,SK,export,20768.0,2819.0,7.3672
2023,BE,RO,export,16325.0,1458.0,11.1968
2023,BE,GB,export,15112.0,1587.0,9.5224
2023,BE,CZ,export,5404.0,580.0,9.3172
2023,BE,GH,export,245.0,18.0,13.6111
2023,BE,PT,export,169.0,15.0,11.2667
2023,BE,WORLD,import,66895616.0,9469947.0,7.064
2023,BE,NL,import,40707831.0,6052853.0,6.7254
2023,BE,ES,import,12224452.0,1633905.0,7.4817
2023,BE,DE,import,7172098.0,715386.0,10.0255
2023,BE,PE,import,2626358.0,312316.0,8.4093
2023,BE,PT,import,1048451.0,138124.0,7.5907
2023,BE,CL,import,996402.0,298846.0,3.3342
2023,BE,FR,import,599339.0,83762.0,7.1553
2023,BE,XS,import,469874.0,75096.0,6.257
2023,BE,ZW,import,315712.0,29593.0,10.6685
2023,BE,ZA,import,296285.0,55814.0,5.3084
2023,BE,PL,import,280547.0,43990.0,6.3775
2023,BE,AR,import,86113.0,11288.0,7.6287
2023,BE,SE,import,43024.0,14308.0,3.007
2023,BE,IT,import,12318.0,2037.0,6.0471
2023,BE,MA,import,10514.0,1572.0,6.6883
2023,BE,LU,import,6240.0,1051.0,5.9372
2023,BE,RU,import,47.0,1.0,47.0
2023,BE,CO,import,11.0,5.0,2.2
2023,DE,WORLD,export,57796525.0,7467675.0,7.7396
2023,DE,AT,export,18649269.0,2708427.0,6.8856
2023,DE,FI,export,7473061.0,935980.0,7.9842
2023,DE,NL,export,5678049.0,678224.0,8.3719
2023,DE,CH,export,4890169.0,495829.0,9.8626
2023,DE,CZ,export,4542044.0,627720.0,7.2358
2023,DE,PL,export,3230339.0,396973.0,8.1374
2023,DE,SK,export,3088331.0,344411.0,8.967
2023,DE,SE,export,2234713.0,245069.0,9.1187
2023,DE,DK,export,1908890.0,250077.0,7.6332
2023,DE,SI,export,1501282.0,180824.0,8.3024
2023,DE,IT,export,1374698.0,180880.0,7.6001
2023,DE,RO,export,960608.0,111706.0,8.5994
2023,DE,LV,export,719409.0,84436.0,8.5202
2023,DE,ES,export,708838.0,96615.0,7.3367
2023,DE,IE,export,179306.0,26499.0,6.7665
2023,DE,PT,export,159652.0,38641.0,4.1317
2023,DE,AE,export,95550.0,14013.0,6.8187
2023,DE,HU,export,92095.0,8581.0,10.7324
2023,DE,FR,export,87123.0,12017.0,7.25
2023,DE,LU,export,84470.0,7920.0,10.6654
2023,DE,LT,export,61814.0,7601.0,8.1324
2023,DE,XK,export,35000.0,10818.0,3.2353
2023,DE,BE,export,19951.0,2125.0,9.3887
2023,DE,QS,export,17981.0,2076.0,8.6614
2023,DE,QV,export,2946.0,150.0,19.64
2023,DE,EE,export,922.0,63.0,14.6349
2023,DE,CY,export,15.0,0.0,0.0
2023,DE,WORLD,import,452717979.0,65827908.0,6.8773
2023,DE,NL,import,174653419.0,22566483.0,7.7395
2023,DE,ES,import,169392818.0,24583886.0,6.8904
2023,DE,PL,import,59686394.0,11103854.0,5.3753
2023,DE,AT,import,9974366.0,1474934.0,6.7626
2023,DE,ZA,import,9822616.0,1132241.0,8.6754
2023,DE,RO,import,9495696.0,1801998.0,5.2695
2023,DE,PT,import,4082424.0,628185.0,6.4988
2023,DE,IT,import,3211861.0,452814.0,7.0931
2023,DE,BE,import,2731027.0,460379.0,5.9321
2023,DE,CL,import,2730086.0,356374.0,7.6607
2023,DE,UA,import,1795128.0,409259.0,4.3863
2023,DE,AR,import,1575408.0,261662.0,6.0208
2023,DE,FR,import,1378595.0,165299.0,8.34
2023,DE,XS,import,699962.0,143221.0,4.8873
2023,DE,PE,import,394089.0,47196.0,8.3501
2023,DE,DK,import,245572.0,50929.0,4.8219
2023,DE,GE,import,227124.0,35603.0,6.3794
2023,DE,FI,import,161637.0,36671.0,4.4078
2023,DE,MX,import,161487.0,16685.0,9.6786
2023,DE,ZW,import,127736.0,74396.0,1.717
2023,DE,XK,import,53403.0,15550.0,3.4343
2023,DE,HR,import,44104.0,2080.0,21.2038
2023,DE,MA,import,22096.0,2784.0,7.9368
2023,DE,NA,import,9221.0,1232.0,7.4846
2023,DE,CO,import,9081.0,948.0,9.5791
2023,DE,LV,import,8800.0,1490.0,5.906
2023,DE,LU,import,6077.0,399.0,15.2306
2023,DE,EE,import,4099.0,800.0,5.1238
2023,DE,SK,import,3410.0,0.0,0.0
2023,DE,EG,import,3118.0,248.0,12.5726
2023,DE,CZ,import,2668.0,1.0,2668.0
2023,DE,LT,import,2074.0,207.0,10.0193
2023,DE,SE,import,1700.0,52.0,32.6923
2023,DE,GR,import,683.0,48.0,14.2292
2023,ES,WORLD,export,492349543.0,74362114.0,6.621
2023,ES,DE,export,143727218.0,22045032.0,6.5197
2023,ES,NL,export,67988094.0,10962194.0,6.2021
2023,ES,GB,export,61948130.0,9084309.0,6.8192
2023,ES,PL,export,51245073.0,7480402.0,6.8506
2023,ES,IT,export,32089578.0,4745600.0,6.762
2023,ES,FR,export,28489936.0,4255006.0,6.6956
2023,ES,CH,export,19288538.0,2241529.0,8.6051
2023,ES,AT,export,11436981.0,1567684.0,7.2955
2023,ES,BE,export,10721899.0,1533285.0,6.9928
2023,ES,CZ,export,6386939.0,1042292.0,6.1278
2023,ES,SK,export,5860521.0,821233.0,7.1362
2023,ES,PT,export,5519767.0,1618584.0,3.4102
2023,ES,HU,export,5285514.0,733958.0,7.2014
2023,ES,IE,export,4734686.0,634685.0,7.4599
2023,ES,RO,export,4442762.0,862962.0,5.1483
2023,ES,HR,export,3989466.0,557642.0,7.1542
2023,ES,IL,export,3549410.0,371114.0,9.5642
2023,ES,SE,export,3368035.0,463346.0,7.2689
2023,ES,DK,export,3239047.0,488003.0,6.6374
2023,ES,SI,export,2819359.0,345349.0,8.1638
2023,ES,FI,export,2551646.0,417881.0,6.1062
2023,ES,HK,export,1667226.0,181326.0,9.1946
2023,ES,LT,export,1648342.0,247040.0,6.6724
2023,ES,BG,export,1564303.0,500881.0,3.1231
2023,ES,EE,export,1480972.0,245028.0,6.0441
2023,ES,SG,export,1181877.0,125239.0,9.437
2023,ES,LV,export,948741.0,153398.0,6.1848
2023,ES,NO,export,943995.0,119173.0,7.9212
2023,ES,MY,export,808728.0,79802.0,10.1342
2023,ES,GR,export,547965.0,98511.0,5.5625
2023,ES,XS,export,539423.0,69840.0,7.7237
2023,ES,LU,export,420470.0,43943.0,9.5685
2023,ES,ID,export,330195.0,29007.0,11.3833
2023,ES,BR,export,280759.0,40022.0,7.0151
2023,ES,AE,export,240617.0,21846.0,11.0142
2023,ES,QA,export,165518.0,13546.0,12.219
2023,ES,XL,export,112832.0,37704.0,2.9926
2023,ES,IS,export,100565.0,9448.0,10.6441
2023,ES,GI,export,98405.0,10948.0,8.9884
2023,ES,MT,export,93429.0,11750.0,7.9514
2023,ES,XC,export,89359.0,10630.0,8.4063
2023,ES,IN,export,88800.0,7200.0,12.3333
2023,ES,SA,export,85180.0,11752.0,7.2481
2023,ES,MA,export,56573.0,4959.0,11.4081
2023,ES,TH,export,53616.0,4659.0,11.508
2023,ES,MU,export,23065.0,2509.0,9.1929
2023,ES,MD,export,22996.0,2234.0,10.2936
2023,ES,EG,export,12524.0,1620.0,7.7309
2023,ES,JO,export,10618.0,1347.0,7.8827
2023,ES,BH,export,9792.0,843.0,11.6157
2023,ES,UA,export,9650.0,1192.0,8.0956
2023,ES,KW,export,8658.0,896.0,9.6629
2023,ES,AM,export,8256.0,633.0,13.0427
2023,ES,OM,export,6398.0,497.0,12.8732
2023,ES,KZ,export,3367.0,208.0,16.1875
2023,ES,MR,export,2356.0,196.0,12.0204
2023,ES,CY,export,435.0,90.0,4.8333
2023,ES,GN,export,395.0,60.0,6.5833
2023,ES,GQ,export,344.0,22.0,15.6364
2023,ES,GH,export,200.0,25.0,8.0
2023,ES,WORLD,import,215616185.0,39023856.0,5.5252
2023,ES,MA,import,154417316.0,28533540.0,5.4118
2023,ES,PT,import,13158729.0,3253588.0,4.0444
2023,ES,NL,import,12641650.0,1688322.0,7.4877
2023,ES,PE,import,10045521.0,1318934.0,7.6164
2023,ES,ZA,import,9392885.0,1130662.0,8.3074
2023,ES,DE,import,4616012.0,758587.0,6.085
2023,ES,AR,import,3407923.0,552890.0,6.1638
2023,ES,CL,import,2256560.0,331902.0,6.7989
2023,ES,PL,import,1991051.0,518057.0,3.8433
2023,ES,UA,import,1095648.0,252216.0,4.3441
2023,ES,FR,import,881113.0,168868.0,5.2178
2023,ES,BE,import,501063.0,163182.0,3.0706
2023,ES,RO,import,329256.0,85863.0,3.8347
2023,ES,IT,import,247218.0,111036.0,2.2265
2023,ES,UY,import,218275.0,62288.0,3.5043
2023,ES,ZW,import,148822.0,70454.0,2.1123
2023,ES,CH,import,104186.0,12430.0,8.3818
2023,ES,SK,import,88523.0,2764.0,32.0271
2023,ES,EC,import,61289.0,6115.0,10.0227
2023,ES,GR,import,3270.0,230.0,14.2174
2023,ES,AT,import,2858.0,960.0,2.9771
2023,ES,SN,import,2687.0,504.0,5.3313
2023,ES,SE,import,2576.0,336.0,7.6667
2023,ES,CN,import,912.0,74.0,12.3243
2023,ES,TR,import,400.0,4.0,100.0
2023,ES,TN,import,292.0,5.0,58.4
2023,ES,BG,import,95.0,16.0,5.9375
2023,ES,MX,import,40.0,28.0,1.4286
2023,ES,MT,import,15.0,1.0,15.0
2023,FR,WORLD,export,50164024.0,6936835.0,7.2315
2023,FR,CH,export,11450419.0,1283083.0,8.9241
2023,FR,NL,export,8276325.0,1102966.0,7.5037
2023,FR,DE,export,7478146.0,1260949.0,5.9306
2023,FR,IT,export,6352028.0,903755.0,7.0285
2023,FR,PL,export,4720953.0,640490.0,7.3708
2023,FR,GB,export,4436869.0,807417.0,5.4951
2023,FR,BE,export,1417694.0,132674.0,10.6855
2023,FR,LV,export,1352166.0,161442.0,8.3756
2023,FR,ES,export,1091995.0,156969.0,6.9568
2023,FR,IE,export,1012786.0,156647.0,6.4654
2023,FR,CZ,export,993970.0,144269.0,6.8897
2023,FR,LU,export,979309.0,102538.0,9.5507
2023,FR,UA,export,158604.0,13501.0,11.7476
2023,FR,AT,export,99968.0,11534.0,8.6672
2023,FR,SK,export,92317.0,12336.0,7.4835
2023,FR,SE,export,58148.0,22770.0,2.5537
2023,FR,NO,export,26444.0,3656.0,7.233
2023,FR,RO,export,26239.0,3156.0,8.314
2023,FR,LT,export,25992.0,3760.0,6.9128
2023,FR,HU,export,25156.0,1992.0,12.6285
2023,FR,PF,export,24208.0,4550.0,5.3204
2023,FR,QW,export,17164.0,1372.0,12.5102
2023,FR,MD,export,11828.0,1320.0,8.9606
2023,FR,SX,export,7214.0,397.0,18.1713
2023,FR,PT,export,6552.0,1107.0,5.9187
2023,FR,CY,export,5989.0,563.0,10.6377
2023,FR,SI,export,4443.0,422.0,10.5284
2023,FR,DK,export,1908.0,176.0,10.8409
2023,FR,GR,export,1528.0,120.0,12.7333
2023,FR,SG,export,1405.0,147.0,9.5578
2023,FR,HK,export,1092.0,154.0,7.0909
2023,FR,EE,export,1032.0,93.0,11.0968
2023,FR,BJ,export,828.0,53.0,15.6226
2023,FR,AE,export,745.0,53.0,14.0566
2023,FR,SN,export,624.0,279.0,2.2366
2023,FR,MO,export,433.0,33.0,13.1212
2023,FR,MV,export,433.0,26.0,16.6538
2023,FR,TH,export,308.0,23.0,13.3913
2023,FR,SC,export,254.0,12.0,21.1667
2023,FR,FI,export,250.0,20.0,12.5
2023,FR,DJ,export,195.0,7.0,27.8571
2023,FR,CF,export,62.0,4.0,15.5
2023,FR,AD,export,1.0,0.0,0.0
2023,FR,WORLD,import,94903214.0,15987215.0,5.9362
2023,FR,ES,import,36687117.0,6787375.0,5.4052
2023,FR,MA,import,24983073.0,4502697.0,5.5485
2023,FR,NL,import,16030159.0,2034833.0,7.8779
2023,FR,PT,import,6515848.0,976871.0,6.6701
2023,FR,DE,import,4221666.0,616124.0,6.852
2023,FR,BE,import,2535752.0,342255.0,7.409
2023,FR,ZA,import,1398443.0,188183.0,7.4313
2023,FR,AR,import,750970.0,143037.0,5.2502
2023,FR,PL,import,562835.0,176625.0,3.1866
2023,FR,ZW,import,431284.0,46224.0,9.3303
2023,FR,IT,import,308400.0,46335.0,6.6559
2023,FR,RO,import,149979.0,36192.0,4.144
2023,FR,GB,import,88889.0,28677.0,3.0997
2023,FR,PE,import,75089.0,8023.0,9.3592
2023,FR,VN,import,60991.0,29426.0,2.0727
2023,FR,EG,import,33226.0,3288.0,10.1052
2023,FR,CY,import,25000.0,10010.0,2.4975
2023,FR,LU,import,13799.0,1755.0,7.8627
2023,FR,AT,import,8915.0,5520.0,1.615
2023,FR,LT,import,7886.0,1920.0,4.1073
2023,FR,IE,import,7112.0,990.0,7.1838
2023,FR,SG,import,2661.0,216.0,12.3194
2023,FR,CA,import,2514.0,252.0,9.9762
2023,FR,CH,import,1115.0,365.0,3.0548
2023,FR,JP,import,287.0,7.0,41.0
2023,FR,LB,import,113.0,1.0,113.0
2023,FR,BG,import,70.0,14.0,5.0
2023,FR,US,import,21.0,0.0,0.0
2023,IT,WORLD,export,24163442.0,3199855.0,7.5514
2023,IT,GB,export,5596993.0,775924.0,7.2133
2023,IT,CH,export,3806401.0,472816.0,8.0505
2023,IT,DE,export,2885638.0,421845.0,6.8405
2023,IT,IE,export,1673926.0,249688.0,6.7041
2023,IT,AT,export,1654865.0,151670.0,10.911
2023,IT,LT,export,1265559.0,214313.0,5.9052
2023,IT,NL,export,1255707.0,188775.0,6.6519
2023,IT,SI,export,1104717.0,114380.0,9.6583
2023,IT,RO,export,848261.0,105265.0,8.0583
2023,IT,MT,export,725181.0,79776.0,9.0902
2023,IT,HR,export,590902.0,65991.0,8.9543
2023,IT,CZ,export,561122.0,63285.0,8.8666
2023,IT,BE,export,454306.0,68463.0,6.6358
2023,IT,FR,export,352798.0,52810.0,6.6805
2023,IT,XS,export,316157.0,36128.0,8.751
2023,IT,HU,export,193860.0,25071.0,7.7324
2023,IT,SK,export,169074.0,22392.0,7.5506
2023,IT,SE,export,156476.0,21366.0,7.3236
2023,IT,LV,export,134571.0,18864.0,7.1337
2023,IT,GR,export,125199.0,12131.0,10.3206
2023,IT,ES,export,102063.0,15569.0,6.5555
2023,IT,DK,export,97686.0,12091.0,8.0792
2023,IT,PL,export,45341.0,7382.0,6.1421
2023,IT,QA,export,15893.0,940.0,16.9074
2023,IT,AE,export,13335.0,1150.0,11.5957
2023,IT,UA,export,5250.0,563.0,9.325
2023,IT,MD,export,5204.0,525.0,9.9124
2023,IT,FI,export,2712.0,268.0,10.1194
2023,IT,PT,export,2592.0,249.0,10.4096
2023,IT,ME,export,1018.0,60.0,16.9667
2023,IT,CY,export,342.0,82.0,4.1707
2023,IT,LU,export,285.0,22.0,12.9545
2023,IT,BG,export,8.0,1.0,8.0
2023,IT,WORLD,import,83026482.0,11381847.0,7.2946
2023,IT,ES,import,30908586.0,4049359.0,7.633
2023,IT,NL,import,23141817.0,3084772.0,7.502
2023,IT,DE,import,9562990.0,1289866.0,7.4139
2023,IT,PL,import,7575805.0,1183805.0,6.3995
2023,IT,FR,import,7418950.0,1052013.0,7.0521
2023,IT,RO,import,1030096.0,192495.0,5.3513
2023,IT,AT,import,948179.0,128137.0,7.3997
2023,IT,LV,import,864474.0,171703.0,5.0347
2023,IT,PT,import,453498.0,60074.0,7.549
2023,IT,SE,import,326470.0,56042.0,5.8255
2023,IT,ZA,import,276168.0,30120.0,9.1689
2023,IT,LT,import,124400.0,19000.0,6.5474
2023,IT,XS,import,103559.0,21812.0,4.7478
2023,IT,UA,import,84436.0,20400.0,4.139
2023,IT,LU,import,65097.0,6080.0,10.7067
2023,IT,ZW,import,53568.0,5760.0,9.3
2023,IT,BE,import,49516.0,5213.0,9.4986
2023,IT,SI,import,21830.0,3229.0,6.7606
2023,IT,EC,import,9418.0,995.0,9.4653
2023,IT,BR,import,7625.0,972.0,7.8447
2023,NL,WORLD,export,678178609.0,94189129.0,7.2002
2023,NL,DE,export,220673226.0,34055619.0,6.4798
2023,NL,PL,export,62902164.0,8805986.0,7.1431
2023,NL,BE,export,60701384.0,8323082.0,7.2931
2023,NL,ES,export,44934296.0,6978526.0,6.4389
2023,NL,CH,export,33676696.0,3230292.0,10.4253
2023,NL,IE,export,23833298.0,3727878.0,6.3933
2023,NL,IT,export,19400511.0,2795606.0,6.9396
2023,NL,DK,export,19142891.0,2197489.0,8.7113
2023,NL,FR,export,18989925.0,2497071.0,7.6049
2023,NL,GB,export,18723920.0,3189221.0,5.871
2023,NL,RU,export,16902045.0,1820873.0,9.2824
2023,NL,NO,export,16704497.0,1680467.0,9.9404
2023,NL,AT,export,16200363.0,1607543.0,10.0777
2023,NL,RO,export,15355799.0,1900495.0,8.0799
2023,NL,FI,export,13348772.0,1615809.0,8.2614
2023,NL,CZ,export,12290236.0,1484319.0,8.2801
2023,NL,SE,export,10095615.0,1946455.0,5.1867
2023,NL,LT,export,5944586.0,766495.0,7.7555
2023,NL,PT,export,5653390.0,778186.0,7.2648
2023,NL,SK,export,5173361.0,594814.0,8.6974
2023,NL,LV,export,4430719.0,577337.0,7.6744
2023,NL,IS,export,3652041.0,361669.0,10.0977
2023,NL,GR,export,3303599.0,340132.0,9.7127
2023,NL,BG,export,2748564.0,343401.0,8.0039
2023,NL,HU,export,2441828.0,259869.0,9.3964
2023,NL,HR,export,2215860.0,331137.0,6.6917
2023,NL,AE,export,1904603.0,215886.0,8.8223
2023,NL,XS,export,1538296.0,150929.0,10.1922
2023,NL,EE,export,1494375.0,179805.0,8.3111
2023,NL,GE,export,1469652.0,140398.0,10.4678
2023,NL,QA,export,1314857.0,156982.0,8.3758
2023,NL,IN,export,1249703.0,105682.0,11.8251
2023,NL,TR,export,911087.0,105257.0,8.6558
2023,NL,CY,export,904098.0,83316.0,10.8514
2023,NL,MT,export,816187.0,85696.0,9.5242
2023,NL,QV,export,798288.0,139355.0,5.7284
2023,NL,LU,export,751217.0,84131.0,8.9291
2023,NL,KW,export,710374.0,65371.0,10.8668
2023,NL,IL,export,663295.0,42063.0,15.7691
2023,NL,UA,export,624075.0,62798.0,9.9378
2023,NL,JP,export,624000.0,65684.0,9.5
2023,NL,SA,export,479300.0,42755.0,11.2104
2023,NL,MD,export,402296.0,41228.0,9.7578
2023,NL,SG,export,298312.0,24706.0,12.0745
2023,NL,AZ,export,253968.0,22786.0,11.1458
2023,NL,NG,export,192661.0,20695.0,9.3095
2023,NL,BY,export,175692.0,19291.0,9.1075
2023,NL,OM,export,169006.0,18878.0,8.9525
2023,NL,AM,export,154297.0,14426.0,10.6958
2023,NL,SI,export,149681.0,19046.0,7.8589
2023,NL,KZ,export,124010.0,12268.0,10.1084
2023,NL,AW,export,112445.0,10942.0,10.2765
2023,NL,HK,export,87105.0,9583.0,9.0895
2023,NL,MV,export,85668.0,9199.0,9.3128
2023,NL,JO,export,79029.0,8845.0,8.9349
2023,NL,BH,export,72208.0,7943.0,9.0908
2023,NL,LB,export,37603.0,3921.0,9.5902
2023,NL,IQ,export,36858.0,3912.0,9.4218
2023,NL,EG,export,16437.0,1761.0,9.3339
2023,NL,GH,export,12793.0,1222.0,10.4689
2023,NL,MY,export,11453.0,1200.0,9.5442
2023,NL,SC,export,5477.0,548.0,9.9945
2023,NL,MN,export,5094.0,501.0,10.1677
2023,NL,CA,export,1721.0,181.0,9.5083
2023,NL,GI,export,865.0,82.0,10.5488
2023,NL,FO,export,767.0,68.0,11.2794
2023,NL,CW,export,124.0,13.0,9.5385
2023,NL,SR,export,46.0,5.0,9.2
2023,NL,WORLD,import,662580190.0,103071929.0,6.4283
2023,NL,PE,import,301470311.0,41282658.0,7.3026
2023,NL,CL,import,103966541.0,22387997.0,4.6439
2023,NL,ES,import,74397417.0,11049293.0,6.7332
2023,NL,ZA,import,70219888.0,9475463.0,7.4107
2023,NL,DE,import,19262735.0,2641154.0,7.2933
2023,NL,PL,import,17822771.0,2959129.0,6.023
2023,NL,XS,import,15364234.0,2845910.0,5.3987
2023,NL,PT,import,14503419.0,2364346.0,6.1342
2023,NL,BE,import,9677612.0,1535786.0,6.3014
2023,NL,AR,import,9341257.0,1371490.0,6.811
2023,NL,MA,import,6857674.0,1222130.0,5.6112
2023,NL,ZW,import,6638320.0,1528867.0,4.342
2023,NL,UA,import,4120240.0,800009.0,5.1502
2023,NL,FR,import,2094062.0,299945.0,6.9815
2023,NL,US,import,1811034.0,508535.0,3.5613
2023,NL,RO,import,1690401.0,312685.0,5.4061
2023,NL,LT,import,735447.0,78209.0,9.4036
2023,NL,SE,import,589985.0,78467.0,7.5189
2023,NL,UY,import,407241.0,73352.0,5.5519
2023,NL,XK,import,295154.0,70892.0,4.1634
2023,NL,LV,import,292620.0,44735.0,6.5412
2023,NL,NA,import,268433.0,29845.0,8.9942
2023,NL,DK,import,175737.0,24162.0,7.2733
2023,NL,ZM,import,89551.0,11650.0,7.6868
2023,NL,AT,import,81183.0,10635.0,7.6336
2023,NL,EC,import,68305.0,12124.0,5.6339
2023,NL,TR,import,57513.0,9919.0,5.7983
2023,NL,IE,import,53381.0,7349.0,7.2637
2023,NL,IT,import,33088.0,6912.0,4.787
2023,NL,GR,import,29168.0,3761.0,7.7554
2023,NL,CH,import,25631.0,3792.0,6.7592
2023,NL,KE,import,20039.0,2330.0,8.6004
2023,NL,HU,import,19064.0,2459.0,7.7527
2023,NL,CZ,import,17646.0,2540.0,6.9472
2023,NL,EG,import,17587.0,2957.0,5.9476
2023,NL,SI,import,15573.0,2390.0,6.5159
2023,NL,QV,import,13380.0,2628.0,5.0913
2023,NL,NO,import,8352.0,1593.0,5.2429
2023,NL,MT,import,6632.0,738.0,8.9864
2023,NL,MX,import,5021.0,958.0,5.2411
2023,NL,CO,import,4956.0,499.0,9.9319
2023,NL,GT,import,3197.0,518.0,6.1718
2023,NL,HR,import,2466.0,338.0,7.2959
2023,NL,FI,import,2255.0,321.0,7.0249
2023,NL,SK,import,1098.0,166.0,6.6145
2023,NL,BG,import,841.0,113.0,7.4425
2023,NL,LU,import,841.0,99.0,8.4949
2023,NL,CY,import,495.0,49.0,10.102
2023,NL,GB,import,151.0,19.0,7.9474
2023,NL,GH,import,90.0,1.0,90.0
2023,NL,CN,import,80.0,1.0,80.0
2023,NL,EE,import,57.0,8.0,7.125
2023,NL,CA,import,10.0,2.0,5.0
2023,NL,TH,import,6.0,1.0,6.0
2023,PL,WORLD,export,148948620.0,25862891.0,5.7592
2023,PL,DE,export,60334012.0,10131058.0,5.9554
2023,PL,GB,export,24648223.0,4277553.0,5.7622
2023,PL,NL,export,9303713.0,2002894.0,4.6451
2023,PL,IT,export,6744073.0,1037448.0,6.5006
2023,PL,LV,export,6277629.0,908245.0,6.9118
2023,PL,SE,export,6263847.0,746635.0,8.3894
2023,PL,DK,export,4895575.0,640798.0,7.6398
2023,PL,NO,export,4854267.0,566120.0,8.5746
2023,PL,CZ,export,3907229.0,569717.0,6.8582
2023,PL,BY,export,2475807.0,1076228.0,2.3004
2023,PL,EE,export,2324787.0,457738.0,5.0789
2023,PL,ES,export,2234319.0,451711.0,4.9463
2023,PL,SK,export,2229065.0,406069.0,5.4894
2023,PL,UA,export,1932998.0,699598.0,2.763
2023,PL,LT,export,1645040.0,305726.0,5.3808
2023,PL,CH,export,1587226.0,225479.0,7.0394
2023,PL,AT,export,1470158.0,293990.0,5.0007
2023,PL,IE,export,1369564.0,286487.0,4.7805
2023,PL,IL,export,985375.0,140514.0,7.0126
2023,PL,HR,export,758268.0,123917.0,6.1192
2023,PL,BE,export,578967.0,93941.0,6.1631
2023,PL,HU,export,483429.0,93683.0,5.1603
2023,PL,RO,export,461614.0,131536.0,3.5094
2023,PL,AE,export,351269.0,56152.0,6.2557
2023,PL,FI,export,259381.0,50011.0,5.1865
2023,PL,RU,export,134698.0,18878.0,7.1352
2023,PL,MD,export,101884.0,10932.0,9.3198
2023,PL,FR,export,86318.0,14709.0,5.8684
2023,PL,GR,export,63119.0,7140.0,8.8402
2023,PL,SG,export,51209.0,8739.0,5.8598
2023,PL,SA,export,32701.0,5883.0,5.5586
2023,PL,KW,export,20520.0,3555.0,5.7722
2023,PL,UZ,export,11436.0,1845.0,6.1984
2023,PL,SI,export,11143.0,3154.0,3.533
2023,PL,JO,export,10387.0,1350.0,7.6941
2023,PL,HK,export,8945.0,2071.0,4.3192
2023,PL,BH,export,7550.0,1008.0,7.4901
2023,PL,KZ,export,7479.0,4814.0,1.5536
2023,PL,MN,export,6852.0,2000.0,3.426
2023,PL,XS,export,5762.0,1000.0,5.762
2023,PL,PT,export,4635.0,1200.0,3.8625
2023,PL,MY,export,3759.0,698.0,5.3854
2023,PL,BG,export,2821.0,640.0,4.4078
2023,PL,US,export,1534.0,19.0,80.7368
2023,PL,CY,export,33.0,8.0,4.125
2023,PL,WORLD,import,144360304.0,20730089.0,6.9638
2023,PL,ES,import,51711258.0,7399380.0,6.9886
2023,PL,NL,import,42900510.0,5815045.0,7.3775
2023,PL,DE,import,34028647.0,4138345.0,8.2228
2023,PL,XS,import,4781797.0,860809.0,5.555
2023,PL,UA,import,4578136.0,1100033.0,4.1618
2023,PL,SK,import,1623091.0,436812.0,3.7158
2023,PL,FR,import,1389472.0,170311.0,8.1584
2023,PL,PT,import,851416.0,148445.0,5.7356
2023,PL,AT,import,446756.0,78125.0,5.7185
2023,PL,RO,import,405742.0,71976.0,5.6372
2023,PL,BE,import,377368.0,48521.0,7.7774
2023,PL,DK,import,316412.0,55832.0,5.6672
2023,PL,BY,import,274863.0,249400.0,1.1021
2023,PL,GE,import,160287.0,36950.0,4.3379
2023,PL,IT,import,110533.0,30629.0,3.6088
2023,PL,TR,import,83616.0,13006.0,6.429
2023,PL,ZA,import,81034.0,10800.0,7.5031
2023,PL,SE,import,59842.0,7975.0,7.5037
2023,PL,LT,import,41194.0,22910.0,1.7981
2023,PL,CZ,import,40652.0,4176.0,9.7347
2023,PL,CL,import,31441.0,19427.0,1.6184
2023,PL,EE,import,24844.0,2526.0,9.8353
2023,PL,FI,import,16711.0,1772.0,9.4306
2023,PL,GR,import,16085.0,6065.0,2.6521
2023,PL,LV,import,7936.0,720.0,11.0222
2023,PL,HU,import,581.0,90.0,6.4556
2023,PL,US,import,80.0,9.0,8.8889
2023,PT,WORLD,export,44730794.0,7320900.0,6.11
2023,PT,NL,export,15041391.0,2545757.0,5.9084
2023,PT,ES,export,12845773.0,2221273.0,5.7831
2023,PT,FR,export,7230694.0,1053562.0,6.8631
2023,PT,DE,export,3226153.0,529877.0,6.0885
2023,PT,BE,export,1369445.0,198779.0,6.8893
2023,PT,PL,export,1347762.0,233919.0,5.7617
2023,PT,SE,export,741534.0,113148.0,6.5537
2023,PT,GB,export,671334.0,90111.0,7.4501
2023,PT,CH,export,500770.0,74033.0,6.7641
2023,PT,IT,export,435317.0,63150.0,6.8934
2023,PT,EE,export,353409.0,59402.0,5.9494
2023,PT,AE,export,232699.0,32457.0,7.1695
2023,PT,IE,export,153321.0,14473.0,10.5936
2023,PT,LU,export,131186.0,37148.0,3.5314
2023,PT,SA,export,126660.0,18480.0,6.8539
2023,PT,RO,export,80382.0,7257.0,11.0765
2023,PT,FI,export,73708.0,9638.0,7.6476
2023,PT,AO,export,40808.0,2862.0,14.2586
2023,PT,SK,export,36939.0,3375.0,10.9449
2023,PT,HR,export,22495.0,3549.0,6.3384
2023,PT,DK,export,20697.0,3153.0,6.5642
2023,PT,QV,export,16259.0,433.0,37.5497
2023,PT,LT,export,13597.0,2417.0,5.6256
2023,PT,CV,export,8865.0,995.0,8.9095
2023,PT,CY,export,4119.0,315.0,13.0762
2023,PT,MZ,export,3806.0,858.0,4.4359
2023,PT,CA,export,1538.0,460.0,3.3435
2023,PT,TL,export,133.0,19.0,7.0
2023,PT,WORLD,import,15186148.0,2192655.0,6.9259
2023,PT,ES,import,7431818.0,1154509.0,6.4372
2023,PT,NL,import,7006980.0,894589.0,7.8326
2023,PT,PL,import,401697.0,49190.0,8.1662
2023,PT,DE,import,208743.0,51821.0,4.0282
2023,PT,FR,import,69042.0,16992.0,4.0632
2023,PT,SI,import,48957.0,20880.0,2.3447
2023,PT,BE,import,13829.0,4320.0,3.2012
2023,PT,AT,import,4877.0,336.0,14.5149
2023,PT,ZA,import,205.0,18.0,11.3889
2024,AT,WORLD,export,13293042.0,1971858.0,6.7414
2024,AT,DE,export,5252372.0,904323.0,5.8081
2024,AT,HU,export,2579277.0,359668.0,7.1713
2024,AT,SI,export,1370417.0,178464.0,7.679
2024,AT,NL,export,884518.0,139541.0,6.3388
2024,AT,CZ,export,777462.0,88269.0,8.8079
2024,AT,CH,export,601145.0,53803.0,11.1731
2024,AT,IT,export,585177.0,74424.0,7.8627
2024,AT,PL,export,569231.0,109908.0,5.1792
2024,AT,SK,export,490203.0,34128.0,14.3637
2024,AT,ES,export,94890.0,13583.0,6.9859
2024,AT,SE,export,86041.0,15600.0,5.5154
2024,AT,FR,export,1929.0,120.0,16.075
2024,AT,RO,export,216.0,12.0,18.0
2024,AT,HR,export,157.0,15.0,10.4667
2024,AT,DK,export,4.0,0.0,0.0
2024,AT,BG,export,3.0,0.0,0.0
2024,AT,WORLD,import,83602765.0,12056583.0,6.9342
2024,AT,DE,import,42956856.0,6385859.0,6.7269
2024,AT,NL,import,17412942.0,2156626.0,8.0742
2024,AT,ES,import,12390780.0,1607079.0,7.7101
2024,AT,XS,import,5618456.0,992803.0,5.6592
2024,AT,IT,import,1318442.0,150985.0,8.7323
2024,AT,GE,import,1293395.0,289311.0,4.4706
2024,AT,PL,import,1080415.0,178523.0,6.052
2024,AT,HU,import,555525.0,103452.0,5.3699
2024,AT,RO,import,277644.0,56460.0,4.9175
2024,AT,TR,import,244761.0,40944.0,5.9779
2024,AT,SE,import,161821.0,35920.0,4.505
2024,AT,UA,import,131144.0,33120.0,3.9597
2024,AT,XK,import,60167.0,12550.0,4.7942
2024,AT,FR,import,48424.0,4394.0,11.0205
2024,AT,SK,import,43126.0,7767.0,5.5525
2024,AT,BE,import,8815.0,786.0,11.215
2024,AT,CZ,import,52.0,4.0,13.0
2024,BE,WORLD,export,65614689.0,7542030.0,8.6999
2024,BE,RU,export,44916467.0,4913583.0,9.1413
2024,BE,NL,export,6530779.0,928631.0,7.0327
2024,BE,FI,export,3627755.0,397449.0,9.1276
2024,BE,LU,export,2220533.0,280664.0,7.9117
2024,BE,DE,export,1304802.0,167161.0,7.8057
2024,BE,LV,export,1147761.0,135670.0,8.4599
2024,BE,NO,export,1007552.0,118017.0,8.5373
2024,BE,LT,export,972994.0,96075.0,10.1274
2024,BE,DK,export,950305.0,98835.0,9.6151
2024,BE,FR,export,589439.0,92869.0,6.347
2024,BE,SE,export,482146.0,55945.0,8.6182
2024,BE,ES,export,427108.0,73074.0,5.8449
2024,BE,CH,export,285320.0,23005.0,12.4025
2024,BE,EE,export,275955.0,31984.0,8.6279
2024,BE,SK,export,157565.0,17898.0,8.8035
2024,BE,PL,export,149812.0,35131.0,4.2644
2024,BE,IE,export,120580.0,15843.0,7.6109
2024,BE,IS,export,113789.0,11990.0,9.4903
2024,BE,GB,export,101751.0,17456.0,5.829
2024,BE,RO,export,74310.0,9898.0,7.5076
2024,BE,CZ,export,58648.0,7262.0,8.076
2024,BE,IT,export,25376.0,3841.0,6.6066
2024,BE,AT,export,20786.0,3255.0,6.3859
2024,BE,MD,export,20250.0,2250.0,9.0
2024,BE,IL,export,18054.0,3170.0,5.6953
2024,BE,GR,export,11734.0,602.0,19.4917
2024,BE,SI,export,1751.0,375.0,4.6693
2024,BE,CM,export,908.0,48.0,18.9167
2024,BE,FO,export,292.0,26.0,11.2308
2024,BE,GH,export,167.0,23.0,7.2609
2024,BE,WORLD,import,90011783.0,10891466.0,8.2644
2024,BE,NL,import,64089614.0,7537150.0,8.5032
2024,BE,ES,import,11646552.0,1849575.0,6.2969
2024,BE,DE,import,9700285.0,863555.0,11.233
2024,BE,PT,import,1592314.0,175617.0,9.067
2024,BE,PE,import,1095319.0,142920.0,7.6639
2024,BE,CL,import,750010.0,160673.0,4.6679
2024,BE,FR,import,636941.0,67702.0,9.408
2024,BE,PL,import,346023.0,49262.0,7.0241
2024,BE,ZW,import,89858.0,31520.0,2.8508
2024,BE,SE,import,50662.0,11217.0,4.5165
2024,BE,IT,import,13158.0,2159.0,6.0945
2024,BE,LV,import,611.0,83.0,7.3614
2024,BE,XS,import,406.0,32.0,12.6875
2024,BE,GB,import,30.0,1.0,30.0
2024,DE,WORLD,export,85568057.0,11827948.0,7.2344
2024,DE,AT,export,23993185.0,3375498.0,7.108
2024,DE,NL,export,18575499.0,3102728.0,5.9868
2024,DE,FI,export,7577255.0,997708.0,7.5947
2024,DE,CZ,export,6941944.0,831122.0,8.3525
2024,DE,CH,export,6158841.0,678628.0,9.0754
2024,DE,SK,export,4342160.0,502102.0,8.648
2024,DE,PL,export,3821478.0,567859.0,6.7296
2024,DE,RO,export,3160709.0,354715.0,8.9106
2024,DE,SI,export,2586922.0,310735.0,8.3252
2024,DE,DK,export,1418456.0,179019.0,7.9235
2024,DE,SE,export,1289662.0,145440.0,8.8673
2024,DE,ES,export,1242591.0,234176.0,5.3062
2024,DE,IT,export,1083633.0,130883.0,8.2794
2024,DE,AE,export,918794.0,121371.0,7.5701
2024,DE,HR,export,779438.0,80723.0,9.6557
2024,DE,HU,export,562015.0,62646.0,8.9713
2024,DE,LV,export,346829.0,43509.0,7.9714
2024,DE,BG,export,290249.0,39498.0,7.3484
2024,DE,FR,export,129705.0,26602.0,4.8758
2024,DE,PT,export,109887.0,12600.0,8.7212
2024,DE,LU,export,80518.0,7175.0,11.222
2024,DE,BE,export,52435.0,8505.0,6.1652
2024,DE,LT,export,49646.0,8446.0,5.878
2024,DE,SG,export,21220.0,3240.0,6.5494
2024,DE,HK,export,13500.0,1200.0,11.25
2024,DE,QV,export,12023.0,1227.0,9.7987
2024,DE,QS,export,5525.0,298.0,18.5403
2024,DE,EE,export,2832.0,217.0,13.0507
2024,DE,VN,export,1106.0,78.0,14.1795
2024,DE,WORLD,import,561617549.0,82777289.0,6.7847
2024,DE,NL,import,234650996.0,33044208.0,7.1011
2024,DE,ES,import,205866064.0,29918038.0,6.881
2024,DE,PL,import,63844931.0,10848433.0,5.8852
2024,DE,RO,import,13014469.0,2698193.0,4.8234
2024,DE,ZA,import,10054499.0,1144035.0,8.7886
2024,DE,AT,import,9259093.0,1417234.0,6.5332
2024,DE,FR,import,4216506.0,622291.0,6.7758
2024,DE,BE,import,3435813.0,611931.0,5.6147
2024,DE,PE,import,2856597.0,263810.0,10.8282
2024,DE,CL,import,2451366.0,279431.0,8.7727
2024,DE,AR,import,2068060.0,264501.0,7.8187
2024,DE,UA,import,2047600.0,337982.0,6.0583
2024,DE,PT,import,2019912.0,299731.0,6.7391
2024,DE,IT,import,1866408.0,302534.0,6.1693
2024,DE,NA,import,1704785.0,177447.0,9.6073
2024,DE,ZW,import,749630.0,250089.0,2.9975
2024,DE,GE,import,366352.0,69000.0,5.3094
2024,DE,XS,import,353704.0,69876.0,5.0619
2024,DE,EE,import,322619.0,65382.0,4.9344
2024,DE,FI,import,142872.0,30643.0,4.6625
2024,DE,TR,import,127140.0,15600.0,8.15
2024,DE,CZ,import,88228.0,37019.0,2.3833
2024,DE,UY,import,43564.0,2813.0,15.4867
2024,DE,HR,import,31700.0,1320.0,24.0152
2024,DE,MA,import,10330.0,2431.0,4.2493
2024,DE,LT,import,6274.0,1170.0,5.3624
2024,DE,GR,import,4440.0,300.0,14.8
2024,DE,LU,import,4429.0,400.0,11.0725
2024,DE,MX,import,4256.0,359.0,11.8552
2024,DE,BY,import,3587.0,900.0,3.9856
2024,DE,DK,import,526.0,74.0,7.1081
2024,DE,LV,import,525.0,80.0,6.5625
2024,DE,SE,import,212.0,25.0,8.48
2024,DE,US,import,57.0,5.0,11.4
2024,DE,CH,import,5.0,4.0,1.25
2024,ES,WORLD,export,561786266.0,88383468.0,6.3562
2024,ES,DE,export,172775715.0,27260503.0,6.338
2024,ES,NL,export,82206813.0,13643581.0,6.0253
2024,ES,PL,export,62348702.0,10060344.0,6.1975
2024,ES,GB,export,60699134.0,9062840.0,6.6976
2024,ES,IT,export,29710477.0,4891387.0,6.074
2024,ES,FR,export,28668890.0,4800107.0,5.9726
2024,ES,CH,export,19495488.0,2299124.0,8.4795
2024,ES,AT,export,13102423.0,1811667.0,7.2322
2024,ES,BE,export,10278101.0,1665534.0,6.1711
2024,ES,PT,export,8922325.0,1919789.0,4.6476
2024,ES,CZ,export,8381603.0,1233301.0,6.7961
2024,ES,IE,export,8283164.0,1283404.0,6.4541
2024,ES,HU,export,7041469.0,932921.0,7.5478
2024,ES,SK,export,5551445.0,771377.0,7.1968
2024,ES,RO,export,5279280.0,837436.0,6.3041
2024,ES,IL,export,5144056.0,441712.0,11.6457
2024,ES,FI,export,3891595.0,654864.0,5.9426
2024,ES,HR,export,3741324.0,573388.0,6.5249
2024,ES,SE,export,2860455.0,423959.0,6.747
2024,ES,DK,export,2694499.0,419213.0,6.4275
2024,ES,LT,export,2692771.0,437955.0,6.1485
2024,ES,BG,export,2438420.0,1050339.0,2.3216
2024,ES,SI,export,2418905.0,326713.0,7.4038
2024,ES,HK,export,1681749.0,142460.0,11.8051
2024,ES,SG,export,1313618.0,122223.0,10.7477
2024,ES,SA,export,1209014.0,139649.0,8.6575
2024,ES,EE,export,1185713.0,234472.0,5.0569
2024,ES,IS,export,1018243.0,106118.0,9.5954
2024,ES,NO,export,875977.0,98062.0,8.9329
2024,ES,MY,export,875497.0,89118.0,9.824
2024,ES,LV,export,790199.0,126254.0,6.2588
2024,ES,GR,export,669740.0,128860.0,5.1974
2024,ES,AE,export,618557.0,63653.0,9.7176
2024,ES,ID,export,496330.0,45890.0,10.8156
2024,ES,XS,export,385013.0,49408.0,7.7925
2024,ES,BR,export,344220.0,49491.0,6.9552
2024,ES,LU,export,289964.0,27734.0,10.4552
2024,ES,TH,export,241839.0,12626.0,19.154
2024,ES,KW,export,193675.0,24536.0,7.8935
2024,ES,QA,export,183648.0,21904.0,8.3842
2024,ES,GI,export,135634.0,18675.0,7.2629
2024,ES,XL,export,109416.0,28014.0,3.9058
2024,ES,XC,export,95611.0,10709.0,8.9281
2024,ES,MT,export,83663.0,11646.0,7.1838
2024,ES,MD,export,79207.0,7789.0,10.1691
2024,ES,BY,export,48528.0,3.0,16176.0
2024,ES,KH,export,41941.0,3134.0,13.3826
2024,ES,JO,export,40071.0,4597.0,8.7168
2024,ES,MA,export,39843.0,4703.0,8.4718
2024,ES,BH,export,32401.0,3442.0,9.4134
2024,ES,UA,export,30211.0,2593.0,11.651
2024,ES,MU,export,13117.0,1170.0,11.2111
2024,ES,MV,export,12559.0,945.0,13.2899
2024,ES,EG,export,7221.0,765.0,9.4392
2024,ES,OM,export,4187.0,357.0,11.7283
2024,ES,MR,export,2416.0,219.0,11.032
2024,ES,GQ,export,2020.0,153.0,13.2026
2024,ES,VN,export,1862.0,156.0,11.9359
2024,ES,UZ,export,1735.0,104.0,16.6827
2024,ES,KZ,export,1557.0,70.0,22.2429
2024,ES,CG,export,1425.0,75.0,19.0
2024,ES,GH,export,554.0,80.0,6.925
2024,ES,CY,export,472.0,101.0,4.6733
2024,ES,GN,export,405.0,27.0,15.0
2024,ES,SL,export,160.0,25.0,6.4
2024,ES,WORLD,import,273826534.0,47583971.0,5.7546
2024,ES,MA,import,177106894.0,31501022.0,5.6223
2024,ES,NL,import,34350837.0,4627593.0,7.423
2024,ES,PE,import,22587002.0,2960022.0,7.6307
2024,ES,PT,import,14309283.0,3850265.0,3.7164
2024,ES,ZA,import,4479653.0,494140.0,9.0656
2024,ES,AR,import,4061090.0,598448.0,6.786
2024,ES,PL,import,3202312.0,653101.0,4.9032
2024,ES,BE,import,2303263.0,627153.0,3.6726
2024,ES,CL,import,2141690.0,295003.0,7.2599
2024,ES,UA,import,1902784.0,393111.0,4.8403
2024,ES,RO,import,1774330.0,419172.0,4.2329
2024,ES,FR,import,1620828.0,239453.0,6.7689
2024,ES,DE,import,1066038.0,201423.0,5.2925
2024,ES,UY,import,736389.0,179852.0,4.0944
2024,ES,XS,import,619222.0,115323.0,5.3695
2024,ES,ZW,import,455021.0,48495.0,9.3828
2024,ES,EE,import,325986.0,93890.0,3.472
2024,ES,IT,import,304626.0,111406.0,2.7344
2024,ES,IE,import,71521.0,43085.0,1.66
2024,ES,AT,import,60308.0,8044.0,7.4973
2024,ES,EG,import,55200.0,13800.0,4.0
2024,ES,BG,import,46483.0,60425.0,0.7693
2024,ES,SK,import,39074.0,1296.0,30.1497
2024,ES,GB,import,38610.0,7020.0,5.5
2024,ES,EC,import,32309.0,4113.0,7.8553
2024,ES,SE,import,21967.0,6480.0,3.39
2024,ES,SI,import,19905.0,14208.0,1.401
2024,ES,NA,import,19003.0,1652.0,11.503
2024,ES,CH,import,18726.0,1274.0,14.6986
2024,ES,SN,import,16386.0,3375.0,4.8551
2024,ES,CZ,import,16303.0,3705.0,4.4003
2024,ES,HU,import,11156.0,1448.0,7.7044
2024,ES,GR,import,5293.0,4328.0,1.223
2024,ES,DK,import,4995.0,672.0,7.433
2024,ES,CO,import,1875.0,143.0,13.1119
2024,ES,MT,import,165.0,15.0,11.0
2024,ES,MX,import,7.0,16.0,0.4375
2024,FR,WORLD,export,80300498.0,12549759.0,6.3986
2024,FR,DE,export,19946167.0,3597843.0,5.5439
2024,FR,NL,export,17581368.0,2945603.0,5.9687
2024,FR,CH,export,12900255.0,1452741.0,8.8799
2024,FR,IT,export,9239111.0,1324089.0,6.9777
2024,FR,PL,export,7340955.0,1176760.0,6.2383
2024,FR,GB,export,2731029.0,484078.0,5.6417
2024,FR,LT,export,2259240.0,296660.0,7.6156
2024,FR,ES,export,1918127.0,327150.0,5.8631
2024,FR,IE,export,1844085.0,306030.0,6.0258
2024,FR,LU,export,1458322.0,166033.0,8.7833
2024,FR,BE,export,819706.0,88748.0,9.2363
2024,FR,AT,export,769465.0,173339.0,4.4391
2024,FR,CZ,export,737454.0,130031.0,5.6714
2024,FR,RO,export,216046.0,19491.0,11.0844
2024,FR,LV,export,159539.0,16107.0,9.9049
2024,FR,GR,export,106173.0,10605.0,10.0116
2024,FR,UA,export,73708.0,7170.0,10.2801
2024,FR,SK,export,66479.0,12923.0,5.1442
2024,FR,EE,export,37102.0,4648.0,7.9824
2024,FR,QW,export,22413.0,1604.0,13.9732
2024,FR,CY,export,16513.0,2254.0,7.3261
2024,FR,SX,export,12862.0,944.0,13.625
2024,FR,NO,export,11270.0,1413.0,7.9759
2024,FR,SI,export,10992.0,1071.0,10.2633
2024,FR,FI,export,5182.0,973.0,5.3258
2024,FR,MD,export,3451.0,336.0,10.2708
2024,FR,PT,export,3234.0,194.0,16.6701
2024,FR,SG,export,2821.0,212.0,13.3066
2024,FR,HU,export,2599.0,214.0,12.1449
2024,FR,HK,export,2157.0,238.0,9.063
2024,FR,NC,export,831.0,143.0,5.8112
2024,FR,BJ,export,819.0,46.0,17.8043
2024,FR,DK,export,734.0,47.0,15.617
2024,FR,VN,export,80.0,5.0,16.0
2024,FR,MY,export,77.0,4.0,19.25
2024,FR,TH,export,71.0,5.0,14.2
2024,FR,BF,export,25.0,4.0,6.25
2024,FR,MG,export,23.0,2.0,11.5
2024,FR,AE,export,13.0,1.0,13.0
2024,FR,WORLD,import,141247622.0,23141008.0,6.1038
2024,FR,MA,import,55491595.0,10057253.0,5.5176
2024,FR,ES,import,43054594.0,7195930.0,5.9832
2024,FR,NL,import,22749861.0,3069400.0,7.4118
2024,FR,PT,import,9665179.0,1372558.0,7.0417
2024,FR,ZA,import,2142157.0,245165.0,8.7376
2024,FR,DE,import,2005350.0,299739.0,6.6903
2024,FR,BE,import,1367288.0,198803.0,6.8776
2024,FR,AR,import,1140668.0,125227.0,9.1088
2024,FR,IT,import,1036696.0,117763.0,8.8032
2024,FR,ZW,import,754675.0,78299.0,9.6384
2024,FR,PL,import,744823.0,178879.0,4.1638
2024,FR,RO,import,373400.0,94935.0,3.9332
2024,FR,GB,import,239992.0,43287.0,5.5442
2024,FR,PE,import,186250.0,15160.0,12.2856
2024,FR,NA,import,111722.0,10004.0,11.1677
2024,FR,EG,import,51651.0,10183.0,5.0723
2024,FR,CY,import,45107.0,20020.0,2.2531
2024,FR,IN,import,32088.0,2812.0,11.4111
2024,FR,CL,import,24097.0,1668.0,14.4466
2024,FR,LU,import,21962.0,2643.0,8.3095
2024,FR,IE,import,4567.0,900.0,5.0744
2024,FR,CA,import,2268.0,260.0,8.7231
2024,FR,US,import,533.0,13.0,41.0
2024,FR,DK,import,408.0,39.0,10.4615
2024,FR,LB,import,388.0,49.0,7.9184
2024,FR,CH,import,228.0,15.0,15.2
2024,FR,TR,import,73.0,3.0,24.3333
2024,FR,CM,import,2.0,1.0,2.0
2024,IT,WORLD,export,24434511.0,3379505.0,7.2302
2024,IT,GB,export,6501691.0,917329.0,7.0876
2024,IT,CH,export,3890820.0,518334.0,7.5064
2024,IT,LT,export,2332592.0,347473.0,6.713
2024,IT,HR,export,2088648.0,259089.0,8.0615
2024,IT,DE,export,1686637.0,261682.0,6.4454
2024,IT,IE,export,1380190.0,240941.0,5.7283
2024,IT,AT,export,1265896.0,132111.0,9.5821
2024,IT,RO,export,1153266.0,192089.0,6.0038
2024,IT,MT,export,919159.0,124984.0,7.3542
2024,IT,FR,export,890482.0,103880.0,8.5722
2024,IT,SI,export,659760.0,71144.0,9.2736
2024,IT,NL,export,542330.0,90107.0,6.0187
2024,IT,PL,export,198110.0,16032.0,12.3572
2024,IT,XS,export,163376.0,13564.0,12.0448
2024,IT,ES,export,158224.0,12744.0,12.4156
2024,IT,BE,export,102427.0,19242.0,5.3231
2024,IT,CZ,export,101883.0,10423.0,9.7748
2024,IT,CY,export,83241.0,8538.0,9.7495
2024,IT,ME,export,81932.0,5687.0,14.4069
2024,IT,DK,export,54521.0,10337.0,5.2744
2024,IT,HU,export,53264.0,8212.0,6.4861
2024,IT,SE,export,44288.0,6500.0,6.8135
2024,IT,GR,export,36197.0,4956.0,7.3037
2024,IT,JO,export,27984.0,2160.0,12.9556
2024,IT,SK,export,6752.0,999.0,6.7588
2024,IT,US,export,4064.0,56.0,72.5714
2024,IT,BA,export,3346.0,327.0,10.2324
2024,IT,LU,export,2925.0,482.0,6.0685
2024,IT,EE,export,219.0,67.0,3.2687
2024,IT,PT,export,176.0,7.0,25.1429
2024,IT,BG,export,111.0,9.0,12.3333
2024,IT,WORLD,import,101925068.0,13887898.0,7.3391
2024,IT,ES,import,39346854.0,5484290.0,7.1745
2024,IT,NL,import,27040321.0,3605676.0,7.4994
2024,IT,DE,import,13712855.0,1679765.0,8.1636
2024,IT,FR,import,9466779.0,1334830.0,7.0921
2024,IT,PL,import,8321401.0,1182330.0,7.0381
2024,IT,RO,import,1545882.0,274904.0,5.6234
2024,IT,AT,import,709664.0,89788.0,7.9038
2024,IT,PT,import,481489.0,69129.0,6.9651
2024,IT,AR,import,386294.0,35462.0,10.8932
2024,IT,LT,import,140462.0,20538.0,6.8391
2024,IT,LV,import,117600.0,16000.0,7.35
2024,IT,SE,import,114288.0,23345.0,4.8956
2024,IT,CZ,import,109504.0,17020.0,6.4338
2024,IT,ZA,import,91789.0,7632.0,12.0269
2024,IT,SI,import,76296.0,11815.0,6.4576
2024,IT,PE,import,72786.0,6480.0,11.2324
2024,IT,BE,import,49590.0,5369.0,9.2364
2024,IT,UA,import,47000.0,10000.0,4.7
2024,IT,HR,import,24450.0,2867.0,8.5281
2024,IT,HU,import,24440.0,3510.0,6.963
2024,IT,FI,import,17760.0,4800.0,3.7
2024,IT,LU,import,16644.0,1260.0,13.2095
2024,IT,XS,import,9657.0,828.0,11.663
2024,IT,DK,import,1263.0,260.0,4.8577
2024,NL,WORLD,export,902595096.0,126884733.0,7.1135
2024,NL,DE,export,303367115.0,45783179.0,6.6262
2024,NL,PL,export,88537245.0,13721992.0,6.4522
2024,NL,ES,export,75400910.0,10396891.0,7.2523
2024,NL,BE,export,72505967.0,10667481.0,6.7969
2024,NL,CH,export,36377843.0,3318010.0,10.9638
2024,NL,IT,export,32678094.0,4406502.0,7.4159
2024,NL,FR,export,26841770.0,3592532.0,7.4715
2024,NL,NO,export,24079004.0,2569770.0,9.3701
2024,NL,IE,export,23987813.0,3466388.0,6.9201
2024,NL,DK,export,23320225.0,2847515.0,8.1897
2024,NL,AT,export,22369113.0,2384130.0,9.3825
2024,NL,RU,export,18813545.0,1961750.0,9.5902
2024,NL,GB,export,18812562.0,3124456.0,6.0211
2024,NL,RO,export,17393823.0,2329275.0,7.4675
2024,NL,FI,export,16103034.0,2355582.0,6.8361
2024,NL,CZ,export,12303511.0,1553298.0,7.9209
2024,NL,PT,export,10537222.0,1314245.0,8.0177
2024,NL,SE,export,10377408.0,2453678.0,4.2293
2024,NL,LT,export,9240399.0,1353702.0,6.826
2024,NL,SK,export,6384552.0,872521.0,7.3174
2024,NL,HU,export,5276428.0,651260.0,8.1019
2024,NL,HR,export,4936392.0,694379.0,7.1091
2024,NL,LV,export,4199164.0,585067.0,7.1772
2024,NL,IS,export,4060111.0,470112.0,8.6365
2024,NL,BG,export,4031597.0,530338.0,7.6019
2024,NL,GR,export,3874413.0,435939.0,8.8875
2024,NL,TR,export,2823550.0,322288.0,8.761
2024,NL,AE,export,2716625.0,299602.0,9.0674
2024,NL,IN,export,2265399.0,209963.0,10.7895
2024,NL,EE,export,2092608.0,261784.0,7.9936
2024,NL,QV,export,1802723.0,322754.0,5.5854
2024,NL,XS,export,1739581.0,217280.0,8.0062
2024,NL,GE,export,1286172.0,121059.0,10.6243
2024,NL,QA,export,1271817.0,136664.0,9.3062
2024,NL,CY,export,1136914.0,124780.0,9.1113
2024,NL,SI,export,1122955.0,121011.0,9.2798
2024,NL,MT,export,993391.0,115766.0,8.581
2024,NL,LU,export,870981.0,90890.0,9.5828
2024,NL,KW,export,843404.0,87380.0,9.6521
2024,NL,UA,export,822754.0,85376.0,9.6368
2024,NL,SG,export,812243.0,89150.0,9.111
2024,NL,SA,export,775809.0,86745.0,8.9436
2024,NL,MD,export,643874.0,81517.0,7.8986
2024,NL,AZ,export,392198.0,34023.0,11.5274
2024,NL,UZ,export,379642.0,40896.0,9.2831
2024,NL,MY,export,299334.0,34702.0,8.6258
2024,NL,BY,export,282352.0,34507.0,8.1825
2024,NL,LB,export,199167.0,16059.0,12.4022
2024,NL,AW,export,157415.0,11905.0,13.2226
2024,NL,HK,export,147825.0,15890.0,9.303
2024,NL,NG,export,136427.0,13767.0,9.9097
2024,NL,KZ,export,135784.0,11254.0,12.0654
2024,NL,IL,export,132246.0,11880.0,11.1318
2024,NL,MV,export,120868.0,11256.0,10.7381
2024,NL,OM,export,111290.0,10990.0,10.1265
2024,NL,AM,export,77636.0,5604.0,13.8537
2024,NL,GH,export,46349.0,4582.0,10.1155
2024,NL,BH,export,36616.0,3096.0,11.8269
2024,NL,EG,export,33142.0,2976.0,11.1364
2024,NL,JO,export,17099.0,2029.0,8.4273
2024,NL,IQ,export,13601.0,1092.0,12.4551
2024,NL,FO,export,10512.0,826.0,12.7264
2024,NL,SC,export,9769.0,668.0,14.6243
2024,NL,GI,export,8598.0,856.0,10.0444
2024,NL,BA,export,8269.0,1013.0,8.1629
2024,NL,ID,export,3510.0,270.0,13.0
2024,NL,ME,export,3345.0,405.0,8.2593
2024,NL,CW,export,721.0,53.0,13.6038
2024,NL,MN,export,413.0,39.0,10.5897
2024,NL,SR,export,313.0,36.0,8.6944
2024,NL,TG,export,263.0,24.0,10.9583
2024,NL,CI,export,198.0,18.0,11.0
2024,NL,SX,export,90.0,10.0,9.0
2024,NL,BQ,export,24.0,4.0,6.0
2024,NL,SL,export,20.0,2.0,10.0
2024,NL,WORLD,import,925579274.0,146504453.0,6.3178
2024,NL,PE,import,495194745.0,72256586.0,6.8533
2024,NL,CL,import,122461753.0,25144322.0,4.8704
2024,NL,ES,import,92709491.0,13831504.0,6.7028
2024,NL,ZA,import,54232018.0,7646888.0,7.092
2024,NL,DE,import,39577193.0,5914694.0,6.6913
2024,NL,ZW,import,24674895.0,3573781.0,6.9044
2024,NL,PL,import,24544966.0,4747150.0,5.1705
2024,NL,MA,import,14813917.0,3014891.0,4.9136
2024,NL,PT,import,10996375.0,1760963.0,6.2445
2024,NL,XS,import,9833253.0,1961998.0,5.0119
2024,NL,AR,import,8724507.0,1259032.0,6.9295
2024,NL,UA,import,8175071.0,1798822.0,4.5447
2024,NL,BE,import,6131064.0,929469.0,6.5963
2024,NL,RO,import,3257963.0,588382.0,5.5372
2024,NL,US,import,2041781.0,602474.0,3.389
2024,NL,LT,import,1685972.0,278045.0,6.0637
2024,NL,TR,import,933362.0,186744.0,4.9981
2024,NL,FR,import,899576.0,123598.0,7.2782
2024,NL,AT,import,755937.0,175918.0,4.2971
2024,NL,SE,import,688236.0,130599.0,5.2698
2024,NL,NA,import,498291.0,52211.0,9.5438
2024,NL,ZM,import,419897.0,78806.0,5.3282
2024,NL,XK,import,370689.0,77484.0,4.7841
2024,NL,HU,import,352939.0,77672.0,4.544
2024,NL,CH,import,218440.0,27499.0,7.9436
2024,NL,CA,import,188083.0,53063.0,3.5445
2024,NL,DK,import,173222.0,25336.0,6.837
2024,NL,GR,import,147531.0,36336.0,4.0602
2024,NL,CR,import,130322.0,23040.0,5.6563
2024,NL,GB,import,122203.0,38709.0,3.157
2024,NL,IT,import,115753.0,16674.0,6.9421
2024,NL,EG,import,114855.0,12095.0,9.4961
2024,NL,UY,import,100725.0,16862.0,5.9735
2024,NL,IE,import,79850.0,11324.0,7.0514
2024,NL,QV,import,60461.0,9368.0,6.454
2024,NL,GE,import,39732.0,5834.0,6.8104
2024,NL,BG,import,36827.0,7059.0,5.217
2024,NL,BR,import,28728.0,1913.0,15.0173
2024,NL,NO,import,26460.0,3780.0,7.0
2024,NL,LV,import,4522.0,614.0,7.3648
2024,NL,KE,import,4289.0,1080.0,3.9713
2024,NL,MT,import,3860.0,458.0,8.4279
2024,NL,SI,import,2911.0,404.0,7.2054
2024,NL,CZ,import,1958.0,278.0,7.0432
2024,NL,HR,import,1262.0,221.0,5.7104
2024,NL,MX,import,1152.0,296.0,3.8919
2024,NL,CY,import,1044.0,99.0,10.5455
2024,NL,EE,import,998.0,54.0,18.4815
2024,NL,LU,import,115.0,15.0,7.6667
2024,NL,FI,import,47.0,6.0,7.8333
2024,NL,SK,import,33.0,3.0,11.0
2024,PL,WORLD,export,192686985.0,30742192.0,6.2678
2024,PL,DE,export,71741751.0,11464795.0,6.2576
2024,PL,GB,export,33901753.0,5473542.0,6.1938
2024,PL,NL,export,17079017.0,3516342.0,4.857
2024,PL,LV,export,8354441.0,1118951.0,7.4663
2024,PL,SE,export,6503875.0,793330.0,8.1982
2024,PL,DK,export,5855892.0,692167.0,8.4602
2024,PL,NO,export,5642909.0,640874.0,8.805
2024,PL,ES,export,5541996.0,760722.0,7.2852
2024,PL,CZ,export,4764134.0,623629.0,7.6394
2024,PL,IT,export,4260548.0,578751.0,7.3616
2024,PL,IE,export,4069071.0,588733.0,6.9116
2024,PL,LT,export,3690277.0,761251.0,4.8476
2024,PL,BY,export,3617272.0,836149.0,4.3261
2024,PL,SK,export,2476001.0,351925.0,7.0356
2024,PL,UA,export,2100795.0,465009.0,4.5178
2024,PL,EE,export,1950111.0,319341.0,6.1067
2024,PL,AT,export,1631962.0,256793.0,6.3552
2024,PL,CH,export,1485835.0,223358.0,6.6523
2024,PL,RO,export,1431091.0,318411.0,4.4945
2024,PL,HU,export,1145135.0,165225.0,6.9308
2024,PL,HR,export,993674.0,169137.0,5.875
2024,PL,FI,export,891122.0,113873.0,7.8256
2024,PL,FR,export,722282.0,98789.0,7.3114
2024,PL,IL,export,625843.0,77487.0,8.0767
2024,PL,AE,export,478827.0,65103.0,7.3549
2024,PL,BE,export,300829.0,40942.0,7.3477
2024,PL,XS,export,300468.0,63288.0,4.7476
2024,PL,PT,export,190343.0,24960.0,7.6259
2024,PL,GR,export,183073.0,18162.0,10.08
2024,PL,RU,export,134412.0,18938.0,7.0975
2024,PL,MD,export,130208.0,16256.0,8.0098
2024,PL,UZ,export,89513.0,13000.0,6.8856
2024,PL,SG,export,74229.0,10035.0,7.397
2024,PL,MY,export,65611.0,9945.0,6.5974
2024,PL,BH,export,46049.0,8001.0,5.7554
2024,PL,BG,export,45801.0,11040.0,4.1486
2024,PL,MN,export,40435.0,9276.0,4.3591
2024,PL,JO,export,29958.0,3749.0,7.9909
2024,PL,SI,export,24126.0,8035.0,3.0026
2024,PL,OM,export,23909.0,2976.0,8.0339
2024,PL,SA,export,14480.0,3488.0,4.1514
2024,PL,KW,export,12030.0,1679.0,7.165
2024,PL,LB,export,9008.0,870.0,10.354
2024,PL,HK,export,8911.0,1440.0,6.1882
2024,PL,CN,export,4521.0,720.0,6.2792
2024,PL,KZ,export,2637.0,1656.0,1.5924
2024,PL,IN,export,567.0,22.0,25.7727
2024,PL,LU,export,185.0,19.0,9.7368
2024,PL,CY,export,68.0,8.0,8.5
2024,PL,WORLD,import,206256270.0,33849250.0,6.0934
2024,PL,NL,import,70965554.0,11653205.0,6.0898
2024,PL,ES,import,68674771.0,10745435.0,6.3911
2024,PL,DE,import,42565134.0,6205528.0,6.8592
2024,PL,UA,import,7492560.0,1645186.0,4.5542
2024,PL,XS,import,3578291.0,736685.0,4.8573
2024,PL,FR,import,3422225.0,532044.0,6.4322
2024,PL,RO,import,2389334.0,488592.0,4.8902
2024,PL,PT,import,1651862.0,309244.0,5.3416
2024,PL,SK,import,1402770.0,424564.0,3.304
2024,PL,BE,import,746539.0,147072.0,5.076
2024,PL,BY,import,740672.0,341300.0,2.1701
2024,PL,AT,import,527187.0,94629.0,5.5711
2024,PL,LT,import,437610.0,113841.0,3.844
2024,PL,HU,import,345332.0,56893.0,6.0699
2024,PL,GE,import,331737.0,83050.0,3.9944
2024,PL,DK,import,222889.0,35678.0,6.2472
2024,PL,RU,import,196306.0,154440.0,1.2711
2024,PL,LV,import,145636.0,30340.0,4.8001
2024,PL,EE,import,137076.0,12958.0,10.5785
2024,PL,IT,import,121625.0,11015.0,11.0418
2024,PL,GR,import,60971.0,14960.0,4.0756
2024,PL,CZ,import,35472.0,4359.0,8.1376
2024,PL,ZA,import,24564.0,2700.0,9.0978
2024,PL,FI,import,19984.0,2336.0,8.5548
2024,PL,QW,import,11801.0,2212.0,5.335
2024,PL,SE,import,8368.0,984.0,8.5041
2024,PT,WORLD,export,50323302.0,7754571.0,6.4895
2024,PT,ES,export,21656714.0,3383554.0,6.4006
2024,PT,FR,export,11738548.0,1656866.0,7.0848
2024,PT,NL,export,8704888.0,1440084.0,6.0447
2024,PT,BE,export,2327550.0,343424.0,6.7775
2024,PT,PL,export,1291515.0,231713.0,5.5738
2024,PT,GB,export,1243678.0,172884.0,7.1937
2024,PT,DE,export,965131.0,156390.0,6.1713
2024,PT,SA,export,534712.0,67200.0,7.957
2024,PT,FI,export,484546.0,86334.0,5.6125
2024,PT,EE,export,307496.0,51224.0,6.003
2024,PT,CH,export,211754.0,35952.0,5.8899
2024,PT,LU,export,194677.0,44440.0,4.3807
2024,PT,IE,export,192481.0,23334.0,8.249
2024,PT,SE,export,171188.0,18908.0,9.0537
2024,PT,IT,export,126687.0,25436.0,4.9806
2024,PT,DK,export,64612.0,6950.0,9.2967
2024,PT,GR,export,39616.0,4399.0,9.0057
2024,PT,AO,export,23027.0,1730.0,13.3104
2024,PT,QV,export,21154.0,958.0,22.0814
2024,PT,LT,export,10481.0,1758.0,5.9619
2024,PT,CV,export,5521.0,664.0,8.3148
2024,PT,RO,export,5520.0,120.0,46.0
2024,PT,MZ,export,1109.0,101.0,10.9802
2024,PT,CA,export,370.0,100.0,3.7
2024,PT,ST,export,327.0,48.0,6.8125
2024,PT,WORLD,import,19039578.0,2779515.0,6.85
2024,PT,ES,import,7829128.0,1305106.0,5.9988
2024,PT,NL,import,7785184.0,975930.0,7.9772
2024,PT,ZA,import,2598961.0,361392.0,7.1915
2024,PT,ZW,import,250470.0,33408.0,7.4973
2024,PT,XS,import,153970.0,30794.0,5.0
2024,PT,UA,import,95462.0,16896.0,5.65
2024,PT,DE,import,94507.0,13961.0,6.7694
2024,PT,GB,import,82062.0,12498.0,6.566
2024,PT,EE,import,39000.0,5200.0,7.5
2024,PT,PL,import,33555.0,13760.0,2.4386
2024,PT,BE,import,24146.0,6600.0,3.6585
2024,PT,FR,import,23044.0,1622.0,14.2072
2024,PT,AT,import,17567.0,1191.0,14.7498
2024,PT,SE,import,12260.0,1120.0,10.9464
2024,PT,MA,import,262.0,37.0,7.0811
