year,m49,country,area_ha,production_t,yield_t_ha
1961,616,Poland,0.0,15000.0,0.0
1961,250,France,0.0,10000.0,0.0
1961,124,Canada,2800.0,8194.0,2.926
1961,840,United States of America,223.0,1372.0,6.152
1961,380,Italy,0.0,525.0,0.0
1961,504,Morocco,0.0,0.0,0.0
1961,528,Netherlands (Kingdom of the),0.0,0.0,0.0
1961,554,New Zealand,0.0,0.0,0.0
1961,752,Sweden,0.0,0.0,0.0
1962,250,France,0.0,10000.0,0.0
1962,616,Poland,0.0,10000.0,0.0
1962,124,Canada,2750.0,8266.0,3.006
1962,840,United States of America,219.0,1347.0,6.151
1962,380,Italy,0.0,435.0,0.0
1962,504,Morocco,0.0,0.0,0.0
1962,528,Netherlands (Kingdom of the),0.0,0.0,0.0
1962,554,New Zealand,0.0,0.0,0.0
1962,752,Sweden,0.0,0.0,0.0
1963,250,France,0.0,13000.0,0.0
1963,124,Canada,3900.0,10865.0,2.786
1963,616,Poland,0.0,10000.0,0.0
1963,840,United States of America,247.0,1937.0,7.842
1963,380,Italy,0.0,449.0,0.0
1963,504,Morocco,0.0,0.0,0.0
1963,528,Netherlands (Kingdom of the),0.0,0.0,0.0
1963,554,New Zealand,0.0,0.0,0.0
1963,752,Sweden,0.0,0.0,0.0
1964,616,Poland,0.0,14000.0,0.0
1964,250,France,0.0,13000.0,0.0
1964,124,Canada,3260.0,9463.0,2.903
1964,840,United States of America,251.0,1520.0,6.056
1964,380,Italy,0.0,387.0,0.0
1964,504,Morocco,0.0,0.0,0.0
1964,528,Netherlands (Kingdom of the),0.0,0.0,0.0
1964,554,New Zealand,0.0,0.0,0.0
1964,752,Sweden,0.0,0.0,0.0
1965,250,France,0.0,13000.0,0.0
1965,616,Poland,0.0,10000.0,0.0
1965,124,Canada,2840.0,8230.0,2.898
1965,840,United States of America,254.0,1686.0,6.638
1965,380,Italy,0.0,500.0,0.0
1965,504,Morocco,0.0,0.0,0.0
1965,528,Netherlands (Kingdom of the),0.0,0.0,0.0
1965,554,New Zealand,0.0,0.0,0.0
1965,752,Sweden,0.0,0.0,0.0
1966,124,Canada,6100.0,17014.0,2.789
1966,250,France,0.0,15000.0,0.0
1966,616,Poland,0.0,13000.0,0.0
1966,840,United States of America,263.0,1700.0,6.464
1966,752,Sweden,3000.0,1200.0,0.4
1966,380,Italy,0.0,453.0,0.0
1966,504,Morocco,0.0,0.0,0.0
1966,528,Netherlands (Kingdom of the),0.0,0.0,0.0
1966,554,New Zealand,0.0,0.0,0.0
1967,250,France,0.0,15000.0,0.0
1967,124,Canada,4900.0,14120.0,2.882
1967,616,Poland,0.0,9000.0,0.0
1967,840,United States of America,263.0,1700.0,6.464
1967,752,Sweden,3000.0,1220.0,0.407
1967,380,Italy,0.0,364.0,0.0
1967,504,Morocco,0.0,0.0,0.0
1967,528,Netherlands (Kingdom of the),0.0,0.0,0.0
1967,554,New Zealand,0.0,0.0,0.0
1968,250,France,0.0,15000.0,0.0
1968,616,Poland,0.0,10000.0,0.0
1968,124,Canada,2860.0,7159.0,2.503
1968,840,United States of America,263.0,1700.0,6.464
1968,752,Sweden,3050.0,1220.0,0.4
1968,380,Italy,0.0,301.0,0.0
1968,504,Morocco,0.0,0.0,0.0
1968,528,Netherlands (Kingdom of the),0.0,0.0,0.0
1968,554,New Zealand,0.0,0.0,0.0
1969,840,United States of America,13300.0,31814.0,2.392
1969,124,Canada,4650.0,13018.0,2.8
1969,250,France,0.0,10000.0,0.0
1969,616,Poland,0.0,6000.0,0.0
1969,752,Sweden,3100.0,1250.0,0.403
1969,380,Italy,0.0,246.0,0.0
1969,504,Morocco,0.0,0.0,0.0
1969,528,Netherlands (Kingdom of the),0.0,0.0,0.0
1969,554,New Zealand,0.0,0.0,0.0
1970,840,United States of America,13300.0,30060.0,2.26
1970,124,Canada,4470.0,12959.0,2.899
1970,250,France,0.0,10000.0,0.0
1970,616,Poland,0.0,6000.0,0.0
1970,752,Sweden,3150.0,1300.0,0.413
1970,380,Italy,0.0,430.0,0.0
1970,504,Morocco,0.0,0.0,0.0
1970,528,Netherlands (Kingdom of the),0.0,0.0,0.0
1970,554,New Zealand,0.0,0.0,0.0
1971,840,United States of America,17000.0,39627.0,2.331
1971,124,Canada,3500.0,10192.0,2.912
1971,250,France,0.0,10000.0,0.0
1971,752,Sweden,3200.0,1300.0,0.406
1971,380,Italy,0.0,396.0,0.0
1971,504,Morocco,0.0,0.0,0.0
1971,528,Netherlands (Kingdom of the),0.0,0.0,0.0
1971,554,New Zealand,0.0,0.0,0.0
1971,616,Poland,0.0,0.0,0.0
1972,840,United States of America,14000.0,30744.0,2.196
1972,124,Canada,4100.0,11894.0,2.901
1972,250,France,0.0,10000.0,0.0
1972,752,Sweden,3500.0,2400.0,0.686
1972,380,Italy,0.0,420.0,0.0
1972,554,New Zealand,2.0,1.0,0.5
1972,504,Morocco,0.0,0.0,0.0
1972,528,Netherlands (Kingdom of the),0.0,0.0,0.0
1972,616,Poland,0.0,0.0,0.0
1973,840,United States of America,18700.0,44969.0,2.405
1973,124,Canada,5830.0,16335.0,2.802
1973,250,France,0.0,12000.0,0.0
1973,752,Sweden,3500.0,2200.0,0.629
1973,380,Italy,0.0,493.0,0.0
1973,554,New Zealand,2.0,3.0,1.5
1973,504,Morocco,0.0,0.0,0.0
1973,528,Netherlands (Kingdom of the),0.0,0.0,0.0
1973,616,Poland,0.0,0.0,0.0
1974,840,United States of America,16000.0,40435.0,2.527
1974,250,France,0.0,10000.0,0.0
1974,124,Canada,3050.0,8843.0,2.899
1974,752,Sweden,3600.0,2500.0,0.694
1974,380,Italy,0.0,378.0,0.0
1974,554,New Zealand,2.0,8.0,4.0
1974,504,Morocco,0.0,0.0,0.0
1974,528,Netherlands (Kingdom of the),0.0,0.0,0.0
1974,616,Poland,0.0,0.0,0.0
1975,840,United States of America,14000.0,35116.0,2.508
1975,124,Canada,5140.0,14389.0,2.799
1975,250,France,0.0,10000.0,0.0
1975,752,Sweden,3600.0,2400.0,0.667
1975,380,Italy,0.0,299.0,0.0
1975,554,New Zealand,2.0,1.0,0.5
1975,504,Morocco,0.0,0.0,0.0
1975,528,Netherlands (Kingdom of the),0.0,0.0,0.0
1975,616,Poland,0.0,0.0,0.0
1976,840,United States of America,16300.0,40670.0,2.495
1976,124,Canada,3950.0,11311.0,2.864
1976,250,France,0.0,10000.0,0.0
1976,752,Sweden,3700.0,2500.0,0.676
1976,380,Italy,0.0,340.0,0.0
1976,554,New Zealand,5.0,4.0,0.8
1976,504,Morocco,0.0,0.0,0.0
1976,528,Netherlands (Kingdom of the),0.0,0.0,0.0
1976,616,Poland,0.0,0.0,0.0
1977,840,United States of America,10900.0,27326.0,2.507
1977,124,Canada,5050.0,15861.0,3.141
1977,250,France,0.0,10000.0,0.0
1977,752,Sweden,3800.0,3200.0,0.842
1977,380,Italy,0.0,421.0,0.0
1977,554,New Zealand,8.0,5.0,0.625
1977,504,Morocco,0.0,0.0,0.0
1977,528,Netherlands (Kingdom of the),0.0,0.0,0.0
1977,616,Poland,0.0,0.0,0.0
1978,840,United States of America,14670.0,37324.0,2.544
1978,124,Canada,5000.0,14564.0,2.913
1978,250,France,0.0,10000.0,0.0
1978,752,Sweden,3900.0,3200.0,0.821
1978,380,Italy,0.0,327.0,0.0
1978,554,New Zealand,8.0,7.0,0.875
1978,504,Morocco,0.0,0.0,0.0
1978,528,Netherlands (Kingdom of the),0.0,0.0,0.0
1978,616,Poland,0.0,0.0,0.0
1979,840,United States of America,14850.0,41896.0,2.821
1979,124,Canada,4700.0,15606.0,3.32
1979,250,France,0.0,10000.0,0.0
1979,752,Sweden,4000.0,3300.0,0.825
1979,380,Italy,0.0,467.0,0.0
1979,554,New Zealand,14.0,18.0,1.286
1979,504,Morocco,0.0,0.0,0.0
1979,528,Netherlands (Kingdom of the),0.0,0.0,0.0
1979,616,Poland,0.0,0.0,0.0
1980,840,United States of America,14830.0,46381.0,3.128
1980,124,Canada,5400.0,13647.0,2.527
1980,250,France,0.0,10000.0,0.0
1980,752,Sweden,4100.0,3200.0,0.78
1980,380,Italy,0.0,523.0,0.0
1980,554,New Zealand,130.0,18.0,0.138
1980,504,Morocco,0.0,0.0,0.0
1980,528,Netherlands (Kingdom of the),0.0,0.0,0.0
1980,616,Poland,0.0,0.0,0.0
1981,840,United States of America,15980.0,53069.0,3.321
1981,124,Canada,6200.0,18033.0,2.909
1981,250,France,0.0,10000.0,0.0
1981,752,Sweden,4000.0,3100.0,0.775
1981,380,Italy,0.0,1075.0,0.0
1981,554,New Zealand,304.0,33.0,0.109
1981,504,Morocco,0.0,0.0,0.0
1981,528,Netherlands (Kingdom of the),0.0,0.0,0.0
1981,616,Poland,0.0,0.0,0.0
1982,840,United States of America,19700.0,55200.0,2.802
1982,124,Canada,8200.0,23235.0,2.834
1982,250,France,0.0,10000.0,0.0
1982,752,Sweden,3900.0,3000.0,0.769
1982,380,Italy,0.0,1450.0,0.0
1982,554,New Zealand,450.0,50.0,0.111
1982,504,Morocco,0.0,0.0,0.0
1982,528,Netherlands (Kingdom of the),0.0,0.0,0.0
1982,616,Poland,0.0,0.0,0.0
1983,840,United States of America,21700.0,60962.0,2.809
1983,124,Canada,7800.0,22545.0,2.89
1983,250,France,0.0,10000.0,0.0
1983,752,Sweden,3950.0,3000.0,0.759
1983,380,Italy,0.0,1443.0,0.0
1983,554,New Zealand,487.0,100.0,0.205
1983,504,Morocco,0.0,0.0,0.0
1983,528,Netherlands (Kingdom of the),0.0,0.0,0.0
1983,616,Poland,0.0,0.0,0.0
1984,840,United States of America,21000.0,54456.0,2.593
1984,124,Canada,5900.0,17056.0,2.891
1984,250,France,0.0,10000.0,0.0
1984,752,Sweden,4000.0,3000.0,0.75
1984,380,Italy,0.0,544.0,0.0
1984,554,New Zealand,516.0,150.0,0.291
1984,504,Morocco,0.0,0.0,0.0
1984,528,Netherlands (Kingdom of the),0.0,0.0,0.0
1984,616,Poland,0.0,0.0,0.0
1985,840,United States of America,22400.0,67289.0,3.004
1985,124,Canada,7700.0,22431.0,2.913
1985,250,France,0.0,10000.0,0.0
1985,752,Sweden,3980.0,2700.0,0.678
1985,380,Italy,60.0,456.0,7.6
1985,554,New Zealand,606.0,350.0,0.578
1985,504,Morocco,0.0,0.0,0.0
1985,528,Netherlands (Kingdom of the),0.0,0.0,0.0
1985,616,Poland,0.0,0.0,0.0
1986,840,United States of America,22100.0,68758.0,3.111
1986,124,Canada,6600.0,16630.0,2.52
1986,250,France,0.0,10000.0,0.0
1986,752,Sweden,3960.0,2550.0,0.644
1986,380,Italy,80.0,627.0,7.838
1986,554,New Zealand,566.0,550.0,0.972
1986,504,Morocco,0.0,0.0,0.0
1986,528,Netherlands (Kingdom of the),0.0,0.0,0.0
1986,616,Poland,0.0,0.0,0.0
1987,840,United States of America,22200.0,66854.0,3.011
1987,124,Canada,10300.0,29783.0,2.892
1987,250,France,0.0,10000.0,0.0
1987,752,Sweden,3950.0,2400.0,0.608
1987,380,Italy,130.0,1202.0,9.246
1987,554,New Zealand,553.0,700.0,1.266
1987,504,Morocco,0.0,10.0,0.0
1987,528,Netherlands (Kingdom of the),0.0,0.0,0.0
1987,616,Poland,0.0,0.0,0.0
1988,840,United States of America,21600.0,69148.0,3.201
1988,124,Canada,9687.0,31832.0,3.286
1988,250,France,0.0,10000.0,0.0
1988,752,Sweden,3940.0,2350.0,0.596
1988,554,New Zealand,532.0,850.0,1.598
1988,380,Italy,80.0,516.0,6.45
1988,528,Netherlands (Kingdom of the),60.0,300.0,5.0
1988,504,Morocco,0.0,20.0,0.0
1988,616,Poland,0.0,0.0,0.0
1989,840,United States of America,22300.0,70047.0,3.141
1989,124,Canada,14063.0,27525.0,1.957
1989,250,France,0.0,10000.0,0.0
1989,752,Sweden,3950.0,2350.0,0.595
1989,810,USSR,250.0,1000.0,4.0
1989,554,New Zealand,495.0,941.0,1.901
1989,380,Italy,90.0,700.0,7.778
1989,528,Netherlands (Kingdom of the),60.0,300.0,5.0
1989,504,Morocco,10.0,30.0,3.0
1989,616,Poland,0.0,0.0,0.0
1990,840,United States of America,26400.0,79940.0,3.028
1990,124,Canada,13741.0,36114.0,2.628
1990,250,France,1700.0,10000.0,5.882
1990,528,Netherlands (Kingdom of the),500.0,2500.0,5.0
1990,616,Poland,425.0,1700.0,4.0
1990,554,New Zealand,346.0,1230.0,3.555
1990,810,USSR,247.0,1000.0,4.049
1990,380,Italy,89.0,663.0,7.449
1990,504,Morocco,10.0,40.0,4.0
1990,752,Sweden,1.0,0.6,0.56
1991,840,United States of America,24800.0,69880.0,2.818
1991,124,Canada,21461.0,35862.0,1.671
1991,250,France,1800.0,10000.0,5.556
1991,616,Poland,810.0,3500.0,4.321
1991,528,Netherlands (Kingdom of the),600.0,2400.0,4.0
1991,554,New Zealand,350.0,1200.0,3.429
1991,810,USSR,239.0,1000.0,4.184
1991,380,Italy,120.0,853.0,7.108
1991,152,Chile,31.0,182.0,5.871
1991,756,Switzerland,9.0,104.0,11.556
1991,504,Morocco,10.0,50.0,5.0
1991,752,Sweden,1.0,0.6,0.56
1992,840,United States of America,13620.0,51300.0,3.767
1992,124,Canada,18231.0,38956.0,2.137
1992,250,France,1800.0,10000.0,5.556
1992,616,Poland,1220.0,5700.0,4.672
1992,528,Netherlands (Kingdom of the),700.0,3400.0,4.857
1992,440,Lithuania,3500.0,2000.0,0.571
1992,554,New Zealand,328.0,1200.0,3.659
1992,380,Italy,100.0,800.0,8.0
1992,642,Romania,150.0,500.0,3.333
1992,860,Uzbekistan,100.0,500.0,5.0
1992,152,Chile,31.0,182.0,5.871
1992,756,Switzerland,8.0,111.0,13.875
1992,504,Morocco,10.0,45.3,4.532
1992,752,Sweden,1.0,0.6,0.57
1993,840,United States of America,14770.0,77230.0,5.229
1993,124,Canada,19492.0,39669.0,2.035
1993,250,France,1900.0,10000.0,5.263
1993,616,Poland,1570.0,7700.0,4.904
1993,528,Netherlands (Kingdom of the),800.0,3300.0,4.125
1993,440,Lithuania,2500.0,1900.0,0.76
1993,554,New Zealand,340.0,1329.7,3.911
1993,380,Italy,118.0,900.0,7.627
1993,642,Romania,176.0,500.0,2.841
1993,860,Uzbekistan,100.0,483.9,4.839
1993,152,Chile,31.0,182.0,5.871
1993,484,Mexico,25.0,100.0,4.0
1993,756,Switzerland,9.0,88.0,9.778
1993,504,Morocco,10.0,45.4,4.543
1993,752,Sweden,1.0,0.6,0.58
1994,840,United States of America,15000.0,63780.0,4.252
1994,124,Canada,17943.0,40643.0,2.265
1994,250,France,2000.0,11000.0,5.5
1994,616,Poland,1600.0,7600.0,4.75
1994,440,Lithuania,3500.0,3400.0,0.971
1994,528,Netherlands (Kingdom of the),700.0,3000.0,4.286
1994,554,New Zealand,357.0,1500.0,4.202
1994,484,Mexico,200.0,1072.0,5.36
1994,380,Italy,104.0,800.0,7.692
1994,642,Romania,200.0,500.0,2.5
1994,860,Uzbekistan,100.0,486.3,4.863
1994,152,Chile,30.0,182.0,6.067
1994,756,Switzerland,9.0,96.0,10.667
1994,504,Morocco,10.0,45.5,4.55
1994,752,Sweden,1.0,0.6,0.6
1995,840,United States of America,15390.0,74000.0,4.808
1995,124,Canada,18250.0,42983.0,2.355
1995,616,Poland,2550.0,11400.0,4.471
1995,250,France,2100.0,10000.0,4.762
1995,440,Lithuania,3300.0,5100.0,1.545
1995,724,Spain,251.0,4275.2,17.033
1995,528,Netherlands (Kingdom of the),900.0,3600.0,4.0
1995,554,New Zealand,377.0,1593.2,4.226
1995,642,Romania,489.0,1300.0,2.658
1995,484,Mexico,200.0,963.0,4.815
1995,380,Italy,120.0,925.7,7.714
1995,860,Uzbekistan,102.0,500.0,4.902
1995,152,Chile,30.0,182.0,6.067
1995,756,Switzerland,12.0,132.0,11.0
1995,504,Morocco,10.0,45.5,4.551
1995,752,Sweden,1.0,0.6,0.61
1996,840,United States of America,15280.0,58730.0,3.844
1996,124,Canada,19887.0,49085.0,2.468
1996,616,Poland,3000.0,15000.0,5.0
1996,250,France,2200.0,13000.0,5.909
1996,440,Lithuania,3200.0,8500.0,2.656
1996,724,Spain,265.0,4436.6,16.742
1996,528,Netherlands (Kingdom of the),900.0,3700.0,4.111
1996,642,Romania,730.0,1900.0,2.603
1996,554,New Zealand,280.0,1200.0,4.286
1996,484,Mexico,200.0,1100.0,5.5
1996,380,Italy,150.0,1000.0,6.667
1996,860,Uzbekistan,100.0,492.7,4.927
1996,152,Chile,30.0,182.0,6.067
1996,756,Switzerland,12.0,148.0,12.333
1996,504,Morocco,10.0,45.5,4.549
1996,752,Sweden,1.0,0.6,0.62
1997,840,United States of America,15650.0,77110.0,4.927
1997,124,Canada,20388.0,43905.0,2.153
1997,616,Poland,3110.0,14500.0,4.662
1997,250,France,2200.0,14000.0,6.364
1997,440,Lithuania,4200.0,9900.0,2.357
1997,724,Spain,279.0,4598.1,16.48
1997,528,Netherlands (Kingdom of the),1000.0,3700.0,3.7
1997,642,Romania,1175.0,3000.0,2.553
1997,380,Italy,180.0,1200.0,6.667
1997,554,New Zealand,200.0,1000.0,5.0
1997,484,Mexico,200.0,565.0,2.825
1997,860,Uzbekistan,100.0,495.5,4.955
1997,152,Chile,30.0,182.0,6.067
1997,756,Switzerland,14.0,123.0,8.786
1997,504,Morocco,10.0,45.4,4.544
1997,752,Sweden,1.0,0.6,0.63
1998,840,United States of America,15780.0,69300.0,4.392
1998,124,Canada,19625.0,34619.0,1.764
1998,616,Poland,3500.0,17100.0,4.886
1998,250,France,2300.0,14000.0,6.087
1998,440,Lithuania,5200.0,8200.0,1.577
1998,724,Spain,294.0,4759.5,16.189
1998,528,Netherlands (Kingdom of the),900.0,3800.0,4.222
1998,642,Romania,996.0,2500.0,2.51
1998,380,Italy,225.0,1681.0,7.471
1998,554,New Zealand,256.0,1226.8,4.792
1998,860,Uzbekistan,100.0,500.0,5.0
1998,484,Mexico,115.0,390.0,3.391
1998,152,Chile,30.0,182.0,6.067
1998,756,Switzerland,16.0,102.0,6.375
1998,504,Morocco,10.0,45.4,4.535
1998,752,Sweden,1.0,0.6,0.64
1999,840,United States of America,16040.0,80960.0,5.047
1999,124,Canada,22250.0,66499.0,2.989
1999,616,Poland,3800.0,20500.0,5.395
1999,250,France,2300.0,15000.0,6.522
1999,642,Romania,2024.0,5000.0,2.47
1999,724,Spain,310.0,4920.9,15.874
1999,440,Lithuania,3800.0,4800.0,1.263
1999,528,Netherlands (Kingdom of the),843.0,3864.4,4.584
1999,380,Italy,170.0,1647.0,9.688
1999,554,New Zealand,220.0,1100.0,5.0
1999,860,Uzbekistan,100.0,500.0,5.0
1999,484,Mexico,110.0,460.0,4.182
1999,152,Chile,30.0,182.0,6.067
1999,756,Switzerland,17.0,113.0,6.647
1999,504,Morocco,10.0,45.2,4.524
1999,752,Sweden,1.0,0.7,0.65
2000,840,United States of America,16520.0,84670.0,5.125
2000,124,Canada,23808.0,60616.0,2.546
2000,616,Poland,4000.0,21500.0,5.375
2000,250,France,2500.0,15000.0,6.0
2000,440,Lithuania,3500.0,6500.0,1.857
2000,804,Ukraine,900.0,5500.0,6.111
2000,724,Spain,326.0,5082.3,15.59
2000,642,Romania,1644.0,4000.0,2.433
2000,528,Netherlands (Kingdom of the),866.0,3886.4,4.488
2000,380,Italy,228.0,1896.0,8.316
2000,554,New Zealand,348.0,1500.0,4.31
2000,860,Uzbekistan,100.0,500.0,5.0
2000,484,Mexico,60.0,285.0,4.75
2000,152,Chile,30.0,182.0,6.067
2000,756,Switzerland,18.0,162.0,9.0
2000,504,Morocco,10.0,45.1,4.511
2000,752,Sweden,1.0,0.7,0.67
2001,840,United States of America,16360.0,87450.0,5.345
2001,124,Canada,22165.0,67667.0,3.053
2001,616,Poland,4500.0,30000.0,6.667
2001,250,France,2500.0,16000.0,6.4
2001,440,Lithuania,3900.0,8200.0,2.103
2001,724,Spain,343.0,5243.7,15.288
2001,528,Netherlands (Kingdom of the),868.0,3920.9,4.517
2001,642,Romania,1250.0,3000.0,2.4
2001,804,Ukraine,500.0,2800.0,5.6
2001,036,Australia,424.0,2060.0,4.858
2001,380,Italy,194.0,1880.0,9.691
2001,554,New Zealand,350.0,1648.0,4.709
2001,504,Morocco,159.0,725.3,4.562
2001,860,Uzbekistan,100.0,500.0,5.0
2001,484,Mexico,60.0,380.0,6.333
2001,756,Switzerland,20.0,188.0,9.4
2001,152,Chile,29.0,182.0,6.276
2001,752,Sweden,5.0,2.7,0.532
2002,840,United States of America,16936.0,87080.0,5.142
2002,124,Canada,25817.0,63319.0,2.453
2002,250,France,2600.0,16000.0,6.154
2002,440,Lithuania,5000.0,7900.0,1.58
2002,724,Spain,360.0,5405.1,15.014
2002,804,Ukraine,600.0,4500.0,7.5
2002,528,Netherlands (Kingdom of the),1000.0,4000.0,4.0
2002,642,Romania,1055.0,2500.0,2.37
2002,554,New Zealand,450.0,2148.5,4.775
2002,616,Poland,719.0,2049.0,2.85
2002,643,Russian Federation,500.0,2000.0,4.0
2002,380,Italy,183.0,1811.0,9.896
2002,036,Australia,348.0,1512.0,4.345
2002,504,Morocco,218.0,989.8,4.54
2002,860,Uzbekistan,100.0,500.0,5.0
2002,484,Mexico,60.0,320.0,5.333
2002,756,Switzerland,22.0,201.0,9.136
2002,152,Chile,29.0,182.0,6.276
2002,752,Sweden,12.0,5.8,0.479
2003,840,United States of America,17030.0,86020.0,5.051
2003,124,Canada,27142.0,75718.0,2.79
2003,250,France,2600.0,16000.0,6.154
2003,440,Lithuania,4663.0,9177.0,1.968
2003,724,Spain,378.0,5566.6,14.726
2003,642,Romania,2136.0,5000.0,2.341
2003,528,Netherlands (Kingdom of the),752.0,3562.2,4.737
2003,804,Ukraine,800.0,3500.0,4.375
2003,616,Poland,713.0,3430.0,4.811
2003,643,Russian Federation,600.0,2500.0,4.167
2003,554,New Zealand,449.0,2169.3,4.831
2003,036,Australia,400.0,1605.0,4.013
2003,380,Italy,200.0,1400.0,7.0
2003,504,Morocco,288.0,1308.5,4.544
2003,152,Chile,99.0,610.0,6.162
2003,860,Uzbekistan,100.0,500.0,5.0
2003,484,Mexico,60.0,295.0,4.917
2003,756,Switzerland,25.0,80.0,3.2
2003,578,Norway,24.0,24.0,1.0
2003,752,Sweden,30.0,10.0,0.333
2004,840,United States of America,18150.0,103850.0,5.722
2004,124,Canada,28162.0,78866.0,2.8
2004,250,France,2800.0,16000.0,5.714
2004,152,Chile,621.0,5917.0,9.528
2004,724,Spain,396.0,5728.0,14.465
2004,440,Lithuania,4523.0,5476.0,1.211
2004,616,Poland,957.0,3906.0,4.082
2004,528,Netherlands (Kingdom of the),629.0,3215.7,5.112
2004,643,Russian Federation,700.0,2800.0,4.0
2004,804,Ukraine,600.0,2500.0,4.167
2004,554,New Zealand,400.0,2000.0,5.0
2004,504,Morocco,436.0,1990.5,4.565
2004,036,Australia,377.0,1583.0,4.199
2004,380,Italy,108.0,1507.0,13.954
2004,642,Romania,602.0,1400.0,2.326
2004,428,Latvia,200.0,700.0,3.5
2004,860,Uzbekistan,100.0,500.0,5.0
2004,484,Mexico,60.0,280.0,4.667
2004,620,Portugal,0.0,100.0,0.0
2004,756,Switzerland,27.0,95.0,3.519
2004,578,Norway,24.0,31.0,1.292
2004,752,Sweden,10.0,10.0,1.0
2005,840,United States of America,19820.0,108270.0,5.463
2005,124,Canada,29704.0,70865.0,2.386
2005,250,France,2800.0,18000.0,6.429
2005,152,Chile,1361.0,12200.0,8.964
2005,440,Lithuania,5187.0,7933.0,1.529
2005,276,Germany,1467.0,7000.0,4.772
2005,724,Spain,415.0,5889.4,14.191
2005,616,Poland,1320.0,4638.0,3.514
2005,642,Romania,1506.0,3500.0,2.324
2005,804,Ukraine,600.0,3000.0,5.0
2005,528,Netherlands (Kingdom of the),484.0,2836.1,5.86
2005,554,New Zealand,567.0,2770.2,4.886
2005,643,Russian Federation,650.0,2500.0,3.846
2005,504,Morocco,536.0,2450.5,4.572
2005,036,Australia,507.0,1764.0,3.479
2005,380,Italy,173.0,1489.0,8.607
2005,428,Latvia,900.0,900.0,1.0
2005,860,Uzbekistan,100.0,500.0,5.0
2005,484,Mexico,60.0,260.0,4.333
2005,756,Switzerland,30.0,103.0,3.433
2005,578,Norway,24.0,28.0,1.167
2005,752,Sweden,10.0,10.0,1.0
2006,840,United States of America,22030.0,128850.0,5.849
2006,124,Canada,31485.0,80652.0,2.562
2006,250,France,2800.0,18000.0,6.429
2006,152,Chile,3816.0,17000.0,4.455
2006,440,Lithuania,5320.0,6623.0,1.245
2006,276,Germany,1410.0,6088.0,4.318
2006,724,Spain,435.0,6050.8,13.91
2006,616,Poland,1440.0,4940.0,3.431
2006,504,Morocco,633.0,2896.4,4.576
2006,554,New Zealand,519.0,2539.4,4.893
2006,643,Russian Federation,600.0,2500.0,4.167
2006,036,Australia,547.0,2316.0,4.234
2006,642,Romania,861.0,2000.0,2.323
2006,528,Netherlands (Kingdom of the),259.0,1665.0,6.429
2006,380,Italy,200.0,1500.0,7.5
2006,804,Ukraine,500.0,1000.0,2.0
2006,428,Latvia,800.0,800.0,1.0
2006,860,Uzbekistan,100.0,500.0,5.0
2006,484,Mexico,56.0,264.0,4.714
2006,620,Portugal,0.0,200.0,0.0
2006,756,Switzerland,35.0,105.0,3.0
2006,100,Bulgaria,20.0,100.0,5.0
2006,578,Norway,25.0,54.0,2.16
2006,752,Sweden,10.0,10.0,1.0
2007,840,United States of America,21619.0,130290.0,6.027
2007,124,Canada,31691.0,77560.0,2.447
2007,152,Chile,5660.0,22000.0,3.887
2007,250,France,2800.0,19000.0,6.786
2007,724,Spain,455.0,6212.2,13.653
2007,276,Germany,1406.0,5818.0,4.138
2007,616,Poland,1954.0,5226.0,2.675
2007,440,Lithuania,4966.0,4392.0,0.884
2007,504,Morocco,724.0,3320.5,4.586
2007,036,Australia,855.0,3239.0,3.788
2007,643,Russian Federation,600.0,2600.0,4.333
2007,554,New Zealand,522.0,2555.5,4.896
2007,642,Romania,861.0,2000.0,2.323
2007,804,Ukraine,600.0,2000.0,3.333
2007,528,Netherlands (Kingdom of the),280.0,1943.0,6.939
2007,380,Italy,170.0,1543.2,9.078
2007,428,Latvia,900.0,900.0,1.0
2007,860,Uzbekistan,89.0,500.0,5.618
2007,620,Portugal,0.0,200.0,0.0
2007,484,Mexico,14.0,123.0,8.786
2007,100,Bulgaria,20.0,100.0,5.0
2007,756,Switzerland,36.0,98.0,2.722
2007,578,Norway,22.0,25.0,1.136
2007,752,Sweden,10.0,20.0,2.0
2008,840,United States of America,24480.0,158260.0,6.465
2008,124,Canada,34109.0,95516.0,2.8
2008,152,Chile,5949.0,35000.0,5.883
2008,250,France,2800.0,20000.0,7.143
2008,616,Poland,2256.0,7857.0,3.483
2008,724,Spain,477.0,6373.6,13.362
2008,440,Lithuania,5200.0,4400.0,0.846
2008,276,Germany,1406.0,4116.0,2.927
2008,504,Morocco,812.0,3728.4,4.592
2008,528,Netherlands (Kingdom of the),419.0,3121.8,7.451
2008,036,Australia,789.0,3061.8,3.881
2008,804,Ukraine,600.0,3000.0,5.0
2008,554,New Zealand,450.0,2250.0,5.0
2008,643,Russian Federation,500.0,2000.0,4.0
2008,642,Romania,808.0,1877.6,2.324
2008,380,Italy,173.0,1621.2,9.371
2008,860,Uzbekistan,100.0,600.0,6.0
2008,620,Portugal,0.0,220.0,0.0
2008,428,Latvia,200.0,200.0,1.0
2008,756,Switzerland,39.0,156.0,4.0
2008,484,Mexico,62.0,150.0,2.419
2008,100,Bulgaria,20.0,100.0,5.0
2008,578,Norway,25.0,24.0,0.96
2008,752,Sweden,10.0,20.0,2.0
2009,840,United States of America,26010.0,169050.0,6.499
2009,124,Canada,34848.0,102753.0,2.949
2009,152,Chile,6775.0,40000.0,5.904
2009,250,France,2800.0,19890.0,7.104
2009,616,Poland,2366.0,11023.0,4.659
2009,276,Germany,1426.0,9940.0,6.971
2009,724,Spain,499.0,6535.1,13.096
2009,528,Netherlands (Kingdom of the),526.0,4190.2,7.966
2009,504,Morocco,875.0,4054.9,4.634
2009,554,New Zealand,539.0,2700.0,5.009
2009,036,Australia,660.0,2502.0,3.791
2009,643,Russian Federation,500.0,2000.0,4.0
2009,440,Lithuania,968.0,1794.0,1.853
2009,642,Romania,741.0,1718.4,2.319
2009,380,Italy,171.0,1601.4,9.365
2009,484,Mexico,190.0,1595.0,8.395
2009,804,Ukraine,200.0,700.0,3.5
2009,860,Uzbekistan,100.0,700.0,7.0
2009,620,Portugal,0.0,451.0,0.0
2009,756,Switzerland,42.0,156.0,3.714
2009,100,Bulgaria,18.0,99.9,5.55
2009,578,Norway,28.0,44.0,1.571
2009,752,Sweden,10.0,20.0,2.0
2009,428,Latvia,57.0,0.0,0.0
2010,840,United States of America,28530.0,188926.0,6.622
2010,124,Canada,34277.0,83550.0,2.437
2010,152,Chile,7298.0,56000.0,7.673
2010,250,France,2640.0,11001.0,4.167
2010,616,Poland,2167.0,9195.0,4.243
2010,276,Germany,1429.0,8305.0,5.812
2010,724,Spain,522.0,6696.5,12.829
2010,528,Netherlands (Kingdom of the),535.0,4536.6,8.48
2010,504,Morocco,924.0,4327.0,4.683
2010,036,Australia,784.0,3074.6,3.922
2010,554,New Zealand,546.0,2651.3,4.856
2010,643,Russian Federation,500.0,1900.0,3.8
2010,642,Romania,735.0,1702.9,2.317
2010,380,Italy,172.0,1612.5,9.375
2010,440,Lithuania,3000.0,1300.0,0.433
2010,484,Mexico,106.0,1059.0,9.991
2010,860,Uzbekistan,100.0,800.0,8.0
2010,804,Ukraine,200.0,700.0,3.5
2010,620,Portugal,0.0,530.1,0.0
2010,756,Switzerland,46.0,247.0,5.37
2010,100,Bulgaria,17.0,99.9,5.876
2010,578,Norway,23.0,58.0,2.522
2010,208,Denmark,38.0,47.0,1.237
2010,604,Peru,32.0,30.0,0.938
2010,752,Sweden,10.0,30.0,3.0
2010,428,Latvia,90.0,9.0,0.1
2011,840,United States of America,29660.0,201030.0,6.778
2011,124,Canada,38479.0,105246.0,2.735
2011,152,Chile,7298.0,74000.0,10.14
2011,250,France,2455.0,9379.0,3.82
2011,616,Poland,2404.0,8595.0,3.575
2011,724,Spain,547.0,6857.9,12.537
2011,484,Mexico,636.0,6704.0,10.541
2011,276,Germany,1434.0,6608.0,4.608
2011,504,Morocco,1228.0,5682.1,4.627
2011,528,Netherlands (Kingdom of the),584.0,5249.2,8.988
2011,036,Australia,731.0,2903.0,3.971
2011,554,New Zealand,549.0,2628.8,4.788
2011,643,Russian Federation,500.0,2500.0,5.0
2011,380,Italy,172.0,1623.5,9.439
2011,642,Romania,636.0,1470.7,2.312
2011,440,Lithuania,2700.0,900.0,0.333
2011,804,Ukraine,200.0,800.0,4.0
2011,620,Portugal,0.0,700.5,0.0
2011,860,Uzbekistan,110.0,600.0,5.455
2011,756,Switzerland,55.0,342.0,6.218
2011,604,Peru,280.0,320.0,1.143
2011,100,Bulgaria,16.0,99.8,6.241
2011,208,Denmark,44.0,54.0,1.227
2011,752,Sweden,10.0,30.0,3.0
2011,578,Norway,25.0,14.0,0.56
2011,428,Latvia,90.0,8.0,0.089
2012,840,United States of America,30919.0,212168.0,6.862
2012,124,Canada,36841.0,127174.0,3.452
2012,152,Chile,12376.0,78000.0,6.303
2012,616,Poland,3126.0,11251.0,3.599
2012,276,Germany,1835.0,8843.0,4.819
2012,250,France,2458.0,8161.0,3.32
2012,504,Morocco,1573.0,7247.2,4.607
2012,484,Mexico,885.0,7191.0,8.125
2012,724,Spain,572.0,7019.3,12.272
2012,528,Netherlands (Kingdom of the),586.0,6000.0,10.239
2012,036,Australia,1037.0,4082.9,3.937
2012,554,New Zealand,579.0,2600.0,4.491
2012,643,Russian Federation,500.0,2400.0,4.8
2012,380,Italy,172.0,1634.5,9.503
2012,620,Portugal,0.0,1436.5,0.0
2012,642,Romania,544.0,1252.7,2.303
2012,804,Ukraine,150.0,1200.0,8.0
2012,440,Lithuania,2600.0,800.0,0.308
2012,860,Uzbekistan,114.0,700.0,6.14
2012,604,Peru,400.0,560.0,1.4
2012,756,Switzerland,66.0,331.0,5.015
2012,100,Bulgaria,15.0,100.0,6.667
2012,428,Latvia,82.0,86.0,1.049
2012,208,Denmark,46.0,57.0,1.239
2012,752,Sweden,20.0,40.0,2.0
2012,578,Norway,23.0,35.0,1.522
2013,840,United States of America,32796.0,246559.0,7.518
2013,124,Canada,37985.0,110313.0,2.904
2013,152,Chile,14723.0,82000.0,5.57
2013,616,Poland,3223.0,12731.0,3.95
2013,724,Spain,975.0,11911.6,12.217
2013,276,Germany,2031.0,10277.0,5.06
2013,484,Mexico,1290.0,10160.0,7.876
2013,250,France,2421.0,9120.0,3.767
2013,504,Morocco,1867.0,8624.4,4.619
2013,528,Netherlands (Kingdom of the),574.0,5643.1,9.831
2013,036,Australia,1202.0,4739.7,3.943
2013,554,New Zealand,585.0,2783.9,4.759
2013,643,Russian Federation,500.0,2500.0,5.0
2013,604,Peru,650.0,1668.0,2.566
2013,380,Italy,173.0,1645.5,9.512
2013,620,Portugal,0.0,1428.8,0.0
2013,804,Ukraine,150.0,1300.0,8.667
2013,642,Romania,480.0,1099.7,2.291
2013,440,Lithuania,2600.0,600.0,0.231
2013,860,Uzbekistan,90.0,600.0,6.667
2013,756,Switzerland,73.0,308.0,4.219
2013,428,Latvia,144.0,111.0,0.771
2013,100,Bulgaria,15.0,99.5,6.634
2013,752,Sweden,20.0,40.0,2.0
2013,208,Denmark,53.0,34.0,0.642
2013,578,Norway,25.0,27.0,1.08
2014,840,United States of America,34297.0,262498.0,7.654
2014,124,Canada,40443.0,166739.0,4.123
2014,152,Chile,14476.0,88000.0,6.079
2014,724,Spain,1760.0,21060.0,11.966
2014,484,Mexico,1803.0,18031.4,10.001
2014,616,Poland,3470.0,12469.0,3.593
2014,276,Germany,2083.0,12077.0,5.798
2014,250,France,2489.0,10260.0,4.122
2014,504,Morocco,2187.0,10112.4,4.624
2014,528,Netherlands (Kingdom of the),639.0,6400.0,10.016
2014,036,Australia,1378.0,5442.0,3.949
2014,554,New Zealand,621.0,3000.0,4.831
2014,604,Peru,300.0,2500.0,8.333
2014,643,Russian Federation,500.0,2500.0,5.0
2014,620,Portugal,0.0,1823.7,0.0
2014,380,Italy,172.0,1664.2,9.676
2014,642,Romania,546.0,1274.4,2.334
2014,804,Ukraine,150.0,700.0,4.667
2014,440,Lithuania,2200.0,600.0,0.273
2014,860,Uzbekistan,89.0,600.0,6.742
2014,756,Switzerland,73.0,458.0,6.274
2014,428,Latvia,147.0,441.0,3.0
2014,100,Bulgaria,14.0,98.0,7.0
2014,752,Sweden,20.0,60.0,3.0
2014,208,Denmark,55.0,35.0,0.636
2014,578,Norway,22.0,3.0,0.136
2015,840,United States of America,36349.0,254012.0,6.988
2015,124,Canada,40760.0,175549.0,4.307
2015,152,Chile,14573.0,93000.0,6.382
2015,724,Spain,1803.0,21060.0,11.681
2015,484,Mexico,2031.0,15488.5,7.626
2015,616,Poland,3230.0,14112.0,4.369
2015,276,Germany,2479.0,11945.0,4.818
2015,504,Morocco,2518.0,11775.2,4.676
2015,604,Peru,1158.0,10585.0,9.141
2015,250,France,2484.0,9613.0,3.87
2015,528,Netherlands (Kingdom of the),737.0,7751.0,10.517
2015,036,Australia,1576.0,6240.4,3.96
2015,620,Portugal,0.0,4435.5,0.0
2015,554,New Zealand,615.0,3012.6,4.899
2015,643,Russian Federation,500.0,2400.0,4.8
2015,380,Italy,173.0,1681.9,9.722
2015,860,Uzbekistan,104.0,700.0,6.731
2015,804,Ukraine,130.0,600.0,4.615
2015,756,Switzerland,76.0,410.0,5.395
2015,642,Romania,150.0,320.0,2.133
2015,428,Latvia,173.0,240.0,1.387
2015,440,Lithuania,86.0,113.0,1.314
2015,100,Bulgaria,13.0,96.7,7.438
2015,752,Sweden,20.0,60.0,3.0
2015,208,Denmark,54.0,35.0,0.648
2015,578,Norway,20.0,4.0,0.2
2016,840,United States of America,37555.0,269257.0,7.17
2016,124,Canada,42570.0,211191.0,4.961
2016,152,Chile,15801.0,116000.0,7.341
2016,484,Mexico,2946.0,29066.7,9.866
2016,724,Spain,2260.0,24945.0,11.038
2016,604,Peru,1945.0,22978.3,11.814
2016,616,Poland,5039.0,14721.0,2.921
2016,504,Morocco,2926.0,13813.0,4.721
2016,276,Germany,2714.0,10710.0,3.946
2016,528,Netherlands (Kingdom of the),777.0,9080.8,11.687
2016,036,Australia,1730.0,6810.0,3.936
2016,250,France,2440.0,6705.5,2.748
2016,620,Portugal,0.0,6572.0,0.0
2016,554,New Zealand,627.0,3073.0,4.901
2016,643,Russian Federation,610.0,3000.0,4.918
2016,380,Italy,172.0,1667.4,9.694
2016,804,Ukraine,400.0,1260.0,3.15
2016,860,Uzbekistan,94.0,633.3,6.738
2016,756,Switzerland,83.0,321.0,3.867
2016,642,Romania,128.0,298.0,2.328
2016,428,Latvia,185.0,267.0,1.443
2016,100,Bulgaria,13.0,98.7,7.594
2016,440,Lithuania,76.0,91.0,1.197
2016,752,Sweden,20.0,60.0,3.0
2016,208,Denmark,60.0,34.0,0.567
2016,578,Norway,20.0,9.0,0.45
2017,840,United States of America,33950.0,235210.0,6.928
2017,124,Canada,41569.0,173641.0,4.177
2017,152,Chile,15707.0,95000.0,6.048
2017,604,Peru,4134.0,52301.0,12.651
2017,484,Mexico,3334.0,36699.7,11.008
2017,724,Spain,3260.0,35355.0,10.845
2017,616,Poland,7070.0,16343.0,2.312
2017,504,Morocco,3332.0,15856.7,4.759
2017,276,Germany,2844.0,13805.0,4.854
2017,620,Portugal,0.0,9840.0,0.0
2017,036,Australia,2455.0,9640.1,3.927
2017,528,Netherlands (Kingdom of the),832.0,8934.7,10.739
2017,250,France,2431.0,8495.5,3.495
2017,554,New Zealand,624.0,3058.8,4.902
2017,643,Russian Federation,534.0,2700.0,5.056
2017,380,Italy,172.0,1671.4,9.718
2017,804,Ukraine,400.0,1360.0,3.4
2017,860,Uzbekistan,97.0,653.5,6.738
2017,428,Latvia,236.0,353.0,1.496
2017,642,Romania,132.0,339.0,2.568
2017,756,Switzerland,93.0,287.0,3.086
2017,440,Lithuania,85.0,124.0,1.459
2017,100,Bulgaria,13.0,98.5,7.58
2017,752,Sweden,50.0,70.0,1.4
2017,208,Denmark,59.0,40.0,0.678
2017,578,Norway,19.0,30.0,1.579
2018,840,United States of America,39100.0,255050.0,6.523
2018,124,Canada,41068.0,155229.0,3.78
2018,152,Chile,15815.0,126000.0,7.967
2018,604,Peru,6011.0,94805.0,15.772
2018,724,Spain,3720.0,43520.0,11.699
2018,484,Mexico,3611.0,40251.3,11.147
2018,616,Poland,8090.0,25300.0,3.127
2018,504,Morocco,3826.0,18000.0,4.705
2018,276,Germany,3040.0,12760.0,4.197
2018,036,Australia,3055.0,11987.2,3.924
2018,620,Portugal,1930.0,11060.0,5.731
2018,528,Netherlands (Kingdom of the),930.0,9300.0,10.0
2018,250,France,2393.0,9127.0,3.814
2018,554,New Zealand,684.0,3343.4,4.888
2018,643,Russian Federation,642.0,3300.0,5.14
2018,040,Austria,200.0,1420.0,7.1
2018,804,Ukraine,500.0,1180.0,2.36
2018,860,Uzbekistan,97.0,659.0,6.794
2018,642,Romania,180.0,650.0,3.611
2018,056,Belgium,110.0,600.0,5.455
2018,428,Latvia,500.0,500.0,1.0
2018,756,Switzerland,93.0,366.0,3.935
2018,191,Croatia,250.0,310.0,1.24
2018,705,Slovenia,60.0,310.0,5.167
2018,246,Finland,90.0,130.0,1.444
2018,100,Bulgaria,30.0,100.0,3.333
2018,208,Denmark,60.0,100.0,1.667
2018,440,Lithuania,70.0,100.0,1.429
2018,752,Sweden,40.0,80.0,2.0
2018,703,Slovakia,30.0,50.0,1.667
2018,348,Hungary,20.0,30.0,1.5
2018,578,Norway,18.0,26.0,1.444
2018,233,Estonia,0.0,0.0,0.0
2018,300,Greece,0.0,0.0,0.0
2018,380,Italy,0.0,0.0,0.0
2018,470,Malta,0.0,0.0,0.0
2019,840,United States of America,47591.0,342230.0,7.191
2019,124,Canada,40671.0,176490.0,4.339
2019,604,Peru,11027.0,147900.0,13.413
2019,152,Chile,18373.0,130004.3,7.076
2019,724,Spain,4030.0,53380.0,13.246
2019,484,Mexico,4319.0,48998.6,11.345
2019,616,Poland,8480.0,34770.0,4.1
2019,504,Morocco,5544.0,26000.0,4.69
2019,620,Portugal,2480.0,15160.0,6.113
2019,276,Germany,3160.0,14850.0,4.699
2019,036,Australia,3717.0,14573.0,3.921
2019,528,Netherlands (Kingdom of the),1110.0,11060.0,9.964
2019,554,New Zealand,755.0,3687.5,4.884
2019,643,Russian Federation,672.0,3500.0,5.208
2019,804,Ukraine,500.0,2390.0,4.78
2019,040,Austria,200.0,1350.0,6.75
2019,056,Belgium,110.0,700.0,6.364
2019,860,Uzbekistan,97.0,662.3,6.828
2019,642,Romania,210.0,610.0,2.905
2019,756,Switzerland,104.0,561.0,5.394
2019,428,Latvia,510.0,470.0,0.922
2019,440,Lithuania,200.0,410.0,2.05
2019,191,Croatia,290.0,360.0,1.241
2019,705,Slovenia,60.0,290.0,4.833
2019,246,Finland,80.0,200.0,2.5
2019,208,Denmark,80.0,130.0,1.625
2019,703,Slovakia,50.0,130.0,2.6
2019,752,Sweden,40.0,90.0,2.25
2019,348,Hungary,40.0,40.0,1.0
2019,578,Norway,18.0,38.0,2.111
2019,233,Estonia,0.0,0.0,0.0
2019,250,France,2400.0,0.0,0.0
2019,300,Greece,0.0,0.0,0.0
2019,380,Italy,0.0,0.0,0.0
2019,470,Malta,0.0,0.0,0.0
2020,840,United States of America,47308.0,315520.0,6.669
2020,604,Peru,14278.0,179305.0,12.558
2020,124,Canada,39736.0,148465.0,3.736
2020,152,Chile,18375.0,127050.7,6.914
2020,616,Poland,9700.0,55300.0,5.701
2020,484,Mexico,4610.0,50292.6,10.909
2020,724,Spain,4210.0,48520.0,11.525
2020,504,Morocco,7242.0,34000.0,4.695
2020,036,Australia,4692.0,18240.6,3.888
2020,620,Portugal,2490.0,15420.0,6.193
2020,276,Germany,3290.0,11300.0,3.435
2020,528,Netherlands (Kingdom of the),920.0,9200.0,10.0
2020,250,France,2116.0,7881.0,3.724
2020,380,Italy,1090.0,6750.0,6.193
2020,554,New Zealand,760.0,3714.9,4.888
2020,643,Russian Federation,685.0,3600.0,5.255
2020,040,Austria,210.0,1570.0,7.476
2020,642,Romania,400.0,1170.0,2.925
2020,191,Croatia,360.0,720.0,2.0
2020,428,Latvia,500.0,700.0,1.4
2020,860,Uzbekistan,97.0,667.2,6.878
2020,440,Lithuania,270.0,650.0,2.407
2020,756,Switzerland,108.0,650.0,6.019
2020,056,Belgium,120.0,600.0,5.0
2020,804,Ukraine,100.0,600.0,6.0
2020,705,Slovenia,60.0,420.0,7.0
2020,246,Finland,120.0,150.0,1.25
2020,208,Denmark,100.0,110.0,1.1
2020,703,Slovakia,70.0,110.0,1.571
2020,752,Sweden,40.0,90.0,2.25
2020,100,Bulgaria,40.0,80.0,2.0
2020,348,Hungary,40.0,40.0,1.0
2020,578,Norway,20.0,23.0,1.15
2020,233,Estonia,0.0,0.0,0.0
2020,300,Greece,0.0,0.0,0.0
2020,470,Malta,0.0,0.0,0.0
2021,840,United States of America,55119.0,378390.0,6.865
2021,604,Peru,18168.0,228160.0,12.558
2021,124,Canada,41932.0,145689.0,3.474
2021,152,Chile,18216.0,127000.0,6.972
2021,484,Mexico,5833.0,66481.5,11.397
2021,724,Spain,4570.0,61230.0,13.398
2021,616,Poland,10700.0,55300.0,5.168
2021,504,Morocco,9148.0,43000.0,4.7
2021,036,Australia,6023.0,23452.0,3.894
2021,620,Portugal,2590.0,17140.0,6.618
2021,276,Germany,3360.0,15640.0,4.655
2021,380,Italy,1200.0,8750.0,7.292
2021,528,Netherlands (Kingdom of the),850.0,8500.0,10.0
2021,250,France,2237.0,8009.0,3.58
2021,643,Russian Federation,748.0,4000.0,5.348
2021,554,New Zealand,760.0,3711.0,4.883
2021,642,Romania,710.0,1930.0,2.718
2021,040,Austria,220.0,1740.0,7.909
2021,716,Zimbabwe,285.0,1140.0,4.0
2021,056,Belgium,120.0,830.0,6.917
2021,860,Uzbekistan,95.0,668.3,7.034
2021,756,Switzerland,106.0,568.0,5.358
2021,191,Croatia,380.0,540.0,1.421
2021,428,Latvia,600.0,500.0,0.833
2021,440,Lithuania,300.0,480.0,1.6
2021,705,Slovenia,70.0,260.0,3.714
2021,246,Finland,90.0,190.0,2.111
2021,703,Slovakia,70.0,180.0,2.571
2021,804,Ukraine,100.0,140.0,1.4
2021,208,Denmark,100.0,120.0,1.2
2021,100,Bulgaria,70.0,110.0,1.571
2021,752,Sweden,50.0,100.0,2.0
2021,348,Hungary,40.0,50.0,1.25
2021,578,Norway,20.0,40.0,2.0
2021,233,Estonia,0.0,0.0,0.0
2021,300,Greece,0.0,0.0,0.0
2021,470,Malta,0.0,0.0,0.0
2022,840,United States of America,52286.0,351850.0,6.729
2022,604,Peru,23298.0,292584.0,12.558
2022,124,Canada,42147.0,185772.0,4.408
2022,152,Chile,17822.0,124296.6,6.974
2022,724,Spain,4810.0,70420.0,14.64
2022,484,Mexico,4331.0,66846.6,15.434
2022,616,Poland,11400.0,64000.0,5.614
2022,504,Morocco,11162.0,52600.0,4.712
2022,036,Australia,5012.0,19608.0,3.912
2022,620,Portugal,2620.0,19050.0,7.271
2022,276,Germany,3400.0,15370.0,4.521
2022,380,Italy,1300.0,9250.0,7.115
2022,528,Netherlands (Kingdom of the),820.0,8100.0,9.878
2022,250,France,2292.0,7611.0,3.321
2022,643,Russian Federation,780.0,4200.0,5.385
2022,554,New Zealand,787.0,3824.1,4.859
2022,642,Romania,800.0,3330.0,4.162
2022,040,Austria,220.0,2060.0,9.364
2022,716,Zimbabwe,328.0,1968.0,6.0
2022,191,Croatia,400.0,730.0,1.825
2022,756,Switzerland,110.0,706.0,6.418
2022,056,Belgium,120.0,700.0,5.833
2022,860,Uzbekistan,95.0,663.1,6.98
2022,440,Lithuania,350.0,650.0,1.857
2022,428,Latvia,550.0,420.0,0.764
2022,705,Slovenia,70.0,370.0,5.286
2022,246,Finland,90.0,180.0,2.0
2022,703,Slovakia,80.0,170.0,2.125
2022,804,Ukraine,100.0,150.0,1.5
2022,100,Bulgaria,60.0,140.0,2.333
2022,208,Denmark,80.0,120.0,1.5
2022,752,Sweden,50.0,100.0,2.0
2022,348,Hungary,50.0,60.0,1.2
2022,578,Norway,19.0,38.0,2.0
2022,233,Estonia,0.0,0.0,0.0
2022,300,Greece,0.0,0.0,0.0
2022,470,Malta,0.0,0.0,0.0
2023,840,United States of America,50546.0,332260.0,6.573
2023,604,Peru,18266.0,229390.0,12.558
2023,124,Canada,46555.0,156533.0,3.362
2023,152,Chile,17631.0,122332.6,6.938
2023,484,Mexico,5836.0,80133.5,13.731
2023,504,Morocco,13154.0,62072.6,4.719
2023,616,Poland,12400.0,61900.0,4.992
2023,724,Spain,4890.0,57670.0,11.793
2023,620,Portugal,2630.0,20830.0,7.92
2023,036,Australia,5168.0,20211.0,3.911
2023,276,Germany,3470.0,15320.0,4.415
2023,250,France,2485.0,10545.0,4.243
2023,380,Italy,1380.0,10060.0,7.29
2023,528,Netherlands (Kingdom of the),780.0,7780.0,9.974
2023,643,Russian Federation,785.0,4278.0,5.45
2023,642,Romania,1200.0,3840.0,3.2
2023,554,New Zealand,787.0,3823.4,4.858
2023,716,Zimbabwe,506.0,2800.0,5.534
2023,040,Austria,230.0,1930.0,8.391
2023,056,Belgium,120.0,860.0,7.167
2023,203,Czechia,70.0,750.0,10.714
2023,191,Croatia,370.0,690.0,1.865
2023,860,Uzbekistan,94.0,664.7,7.072
2023,440,Lithuania,520.0,650.0,1.25
2023,756,Switzerland,121.0,640.0,5.289
2023,705,Slovenia,70.0,400.0,5.714
2023,100,Bulgaria,80.0,230.0,2.875
2023,804,Ukraine,200.0,220.0,1.1
2023,246,Finland,110.0,200.0,1.818
2023,703,Slovakia,80.0,190.0,2.375
2023,752,Sweden,50.0,120.0,2.4
2023,208,Denmark,70.0,100.0,1.429
2023,428,Latvia,500.0,100.0,0.2
2023,348,Hungary,40.0,90.0,2.25
2023,578,Norway,19.0,40.0,2.105
2023,233,Estonia,0.0,0.0,0.0
2023,300,Greece,0.0,0.0,0.0
2023,470,Malta,0.0,0.0,0.0
2024,840,United States of America,50142.0,401970.0,8.017
2024,604,Peru,28157.0,353600.0,12.558
2024,124,Canada,45829.0,165608.0,3.614
2024,152,Chile,14038.0,97218.8,6.925
2024,484,Mexico,5843.0,80533.9,13.783
2024,616,Poland,12500.0,62000.0,4.96
2024,724,Spain,5180.0,60950.0,11.766
2024,504,Morocco,11375.0,53750.8,4.725
2024,036,Australia,7046.0,27540.0,3.909
2024,620,Portugal,2670.0,22850.0,8.558
2024,276,Germany,3500.0,15090.0,4.311
2024,380,Italy,1450.0,10360.0,7.145
2024,250,France,2579.0,8621.0,3.343
2024,528,Netherlands (Kingdom of the),690.0,6910.0,10.014
2024,642,Romania,1440.0,5000.0,3.472
2024,643,Russian Federation,783.0,4313.7,5.509
2024,554,New Zealand,792.0,3846.9,4.857
2024,716,Zimbabwe,644.0,3631.2,5.638
2024,040,Austria,260.0,1910.0,7.346
2024,440,Lithuania,570.0,1070.0,1.877
2024,191,Croatia,420.0,830.0,1.976
2024,203,Czechia,70.0,740.0,10.571
2024,756,Switzerland,124.0,703.0,5.669
2024,860,Uzbekistan,94.0,666.4,7.089
2024,056,Belgium,110.0,580.0,5.273
2024,428,Latvia,500.0,500.0,1.0
2024,705,Slovenia,70.0,400.0,5.714
2024,100,Bulgaria,120.0,360.0,3.0
2024,703,Slovakia,100.0,230.0,2.3
2024,246,Finland,110.0,210.0,1.909
2024,804,Ukraine,200.0,200.0,1.0
2024,752,Sweden,60.0,120.0,2.0
2024,208,Denmark,70.0,100.0,1.429
2024,348,Hungary,50.0,80.0,1.6
2024,578,Norway,19.0,40.0,2.105
2024,233,Estonia,0.0,0.0,0.0
2024,300,Greece,0.0,0.0,0.0
2024,470,Malta,0.0,0.0,0.0
